timestamp,route,direction,staCode,busPlate,status,speed
2026-07-06T09:30:55.503777+08:00,28A,0,M172/11,AA7549,0,20
2026-07-06T09:30:55.503777+08:00,28A,0,T324/2,AA7645,0,31
2026-07-06T09:30:55.503777+08:00,28A,0,M160/2,AA7340,1,29
2026-07-06T09:30:55.503777+08:00,28A,0,M118,AA7456,0,29
2026-07-06T09:32:01.442646+08:00,28A,0,M172/11,AA7549,0,20
2026-07-06T09:32:01.442646+08:00,28A,0,T324/2,AA7645,0,31
2026-07-06T09:32:01.442646+08:00,28A,0,M158/2,AA7340,1,29
2026-07-06T09:32:01.442646+08:00,28A,0,M239/9,AA7456,1,
2026-07-06T09:33:08.135458+08:00,28A,0,M239/4,AA2735,1,25
2026-07-06T09:33:08.135458+08:00,28A,0,M172/11,AA7549,0,20
2026-07-06T09:33:08.135458+08:00,28A,0,T326/5,AA7645,0,31
2026-07-06T09:33:08.135458+08:00,28A,0,M158/2,AA7340,0,29
2026-07-06T09:33:08.135458+08:00,28A,0,M239/9,AA7456,1,
2026-07-06T09:34:13.824458+08:00,28A,0,M254,AA2735,1,25
2026-07-06T09:34:13.824458+08:00,28A,0,T403,AA7549,1,20
2026-07-06T09:34:13.824458+08:00,28A,0,T332/1,AA7645,0,31
2026-07-06T09:34:13.824458+08:00,28A,0,M158/2,AA7340,0,29
2026-07-06T09:34:13.824458+08:00,28A,0,M239/9,AA7456,1,
2026-07-06T09:35:19.007640+08:00,28A,0,M254,AA2735,0,25
2026-07-06T09:35:19.007640+08:00,28A,0,T304,AA7549,1,20
2026-07-06T09:35:19.007640+08:00,28A,0,T325/1,AA7645,1,31
2026-07-06T09:35:19.007640+08:00,28A,0,M161,AA7340,1,29
2026-07-06T09:35:19.007640+08:00,28A,0,M239/9,AA7456,1,
2026-07-06T14:01:14.972897+08:00,28A,0,M172/11,AA7549,0,20
2026-07-06T14:01:14.972897+08:00,28A,0,T311/1,AA7340,1,29
2026-07-06T14:01:14.972897+08:00,28A,0,M118,AA7456,1,29
2026-07-06T14:02:26.054599+08:00,28A,0,M172/11,AA7549,0,20
2026-07-06T14:02:26.054599+08:00,28A,0,T311/1,AA7340,0,29
2026-07-06T14:02:26.054599+08:00,28A,0,M118,AA7456,0,29
2026-07-06T14:03:41.652491+08:00,28A,0,M172/11,AA7549,0,20
2026-07-06T14:03:41.652491+08:00,28A,0,T308/1,AA7340,1,29
2026-07-06T14:03:41.652491+08:00,28A,0,M239/9,AA7456,1,
2026-07-06T14:04:51.850780+08:00,28A,0,M172/11,AA7549,0,20
2026-07-06T14:04:51.850780+08:00,28A,0,T300,AA7340,1,29
2026-07-06T14:04:51.850780+08:00,28A,0,M239/9,AA7456,1,
2026-07-06T14:06:01.199530+08:00,28A,0,T403,AA7549,1,20
2026-07-06T14:06:01.199530+08:00,28A,0,T330/1,AA7340,1,29
2026-07-06T14:06:01.199530+08:00,28A,0,M239/9,AA7456,1,
2026-07-06T14:14:03.435842+08:00,28A,0,M254,AA7456,0,29
2026-07-06T14:14:03.435842+08:00,28A,0,T320,AA7549,0,20
2026-07-06T14:14:03.435842+08:00,28A,0,M158/2,AA7340,0,29
2026-07-06T14:15:13.168838+08:00,28A,0,M241,AA7456,1,29
2026-07-06T14:15:13.168838+08:00,28A,0,T321/2,AA7549,0,20
2026-07-06T14:15:13.168838+08:00,28A,0,M158/2,AA7340,0,29
2026-07-06T14:16:22.480404+08:00,28A,0,M71,AA7456,0,29
2026-07-06T14:16:22.480404+08:00,28A,0,T323,AA7549,0,20
2026-07-06T14:16:22.480404+08:00,28A,0,M161,AA7340,1,29
2026-07-06T14:17:35.186944+08:00,28A,0,M155,AA7456,0,29
2026-07-06T14:17:35.186944+08:00,28A,0,T324/2,AA7549,0,20
2026-07-06T14:17:35.186944+08:00,28A,0,M70,AA7340,0,29
2026-07-06T14:18:44.426143+08:00,28A,0,M157,AA7456,1,29
2026-07-06T14:18:44.426143+08:00,28A,0,T324/2,AA7549,0,20
2026-07-06T14:18:44.426143+08:00,28A,0,M118,AA7340,1,29
2026-07-06T17:30:59.621708+08:00,28A,0,M239/4,AA7549,1,20
2026-07-06T17:30:59.621708+08:00,28A,0,M172/11,AB5894,0,20
2026-07-06T17:30:59.621708+08:00,28A,0,T324/2,AA7340,0,29
2026-07-06T17:30:59.621708+08:00,28A,0,T330/1,AA7456,1,29
2026-07-06T17:30:59.621708+08:00,28A,0,M239/9,AA7645,1,
2026-07-06T17:32:11.252597+08:00,28A,0,M254,AA7549,1,20
2026-07-06T17:32:11.252597+08:00,28A,0,M172/11,AB5894,0,20
2026-07-06T17:32:11.252597+08:00,28A,0,T326/5,AA7340,0,29
2026-07-06T17:32:11.252597+08:00,28A,0,T330/1,AA7456,0,29
2026-07-06T17:32:11.252597+08:00,28A,0,M239/9,AA7645,1,
2026-07-06T17:33:20.287649+08:00,28A,0,M241,AA7549,1,20
2026-07-06T17:33:20.287649+08:00,28A,0,M172/11,AB5894,0,20
2026-07-06T17:33:20.287649+08:00,28A,0,T332/1,AA7340,0,29
2026-07-06T17:33:20.287649+08:00,28A,0,T330/1,AA7456,0,29
2026-07-06T17:34:29.755907+08:00,28A,0,M71,AA7549,0,20
2026-07-06T17:34:29.755907+08:00,28A,0,T403,AB5894,0,20
2026-07-06T17:34:29.755907+08:00,28A,0,T325/1,AA7340,1,29
2026-07-06T17:34:29.755907+08:00,28A,0,T330/1,AA7456,0,29
2026-07-06T17:35:46.908499+08:00,28A,0,M71,AA7549,0,20
2026-07-06T17:35:46.908499+08:00,28A,0,T304,AB5894,1,20
2026-07-06T17:35:46.908499+08:00,28A,0,T339/1,AA7340,0,29
2026-07-06T17:35:46.908499+08:00,28A,0,M172/16,AA7456,1,29
2026-07-07T07:01:07.454470+08:00,28A,0,M172/11,AA7340,0,29
2026-07-07T07:01:07.454470+08:00,28A,0,T324/2,AA7456,1,29
2026-07-07T07:01:07.454470+08:00,28A,0,T330/1,AA2389,0,17
2026-07-07T07:02:14.829924+08:00,28A,0,M172/11,AA7340,0,29
2026-07-07T07:02:14.829924+08:00,28A,0,T324/2,AA7456,0,29
2026-07-07T07:02:14.829924+08:00,28A,0,T330/1,AA2389,0,17
2026-07-07T07:03:20.227128+08:00,28A,0,T403,AA7340,1,29
2026-07-07T07:03:20.227128+08:00,28A,0,T324/2,AA7456,0,29
2026-07-07T07:03:20.227128+08:00,28A,0,M172/16,AA2389,1,17
2026-07-07T07:04:26.803916+08:00,28A,0,T304,AA7340,0,29
2026-07-07T07:04:26.803916+08:00,28A,0,T332/1,AA7456,0,29
2026-07-07T07:04:26.803916+08:00,28A,0,M160/2,AA2389,1,17
2026-07-07T07:05:34.840198+08:00,28A,0,M239/4,AA2865,1,27
2026-07-07T07:05:34.840198+08:00,28A,0,T310/1,AA7340,0,29
2026-07-07T07:05:34.840198+08:00,28A,0,T325/1,AA7456,1,29
2026-07-07T07:05:34.840198+08:00,28A,0,M160/2,AA2389,0,17
2026-07-07T08:45:37.558656+08:00,28A,0,M155,AA7456,0,29
2026-07-07T08:45:37.558656+08:00,28A,0,T321/2,AA2757,1,28
2026-07-07T08:45:37.558656+08:00,28A,0,T311/1,AA2389,0,17
2026-07-07T08:45:37.558656+08:00,28A,0,M70,AA2865,1,27
2026-07-07T08:46:44.857168+08:00,28A,0,M157,AA7456,0,29
2026-07-07T08:46:44.857168+08:00,28A,0,T323,AA2757,1,28
2026-07-07T08:46:44.857168+08:00,28A,0,T308/1,AA2389,1,17
2026-07-07T08:46:44.857168+08:00,28A,0,M118,AA2865,1,27
2026-07-07T08:47:51.272328+08:00,28A,0,M157,AA7456,0,29
2026-07-07T08:47:51.272328+08:00,28A,0,T324/2,AA2757,1,28
2026-07-07T08:47:51.272328+08:00,28A,0,T308/1,AA2389,0,17
2026-07-07T08:47:51.272328+08:00,28A,0,M118,AA2865,0,27
2026-07-07T08:48:56.790331+08:00,28A,0,M172/11,AA7456,1,29
2026-07-07T08:48:56.790331+08:00,28A,0,T324/2,AA2757,0,28
2026-07-07T08:48:56.790331+08:00,28A,0,T300,AA2389,0,17
2026-07-07T08:48:56.790331+08:00,28A,0,M239/9,AA2865,1,
2026-07-07T08:50:03.129430+08:00,28A,0,M172/11,AA7456,0,29
2026-07-07T08:50:03.129430+08:00,28A,0,T324/2,AA2757,0,28
2026-07-07T08:50:03.129430+08:00,28A,0,T330/1,AA2389,0,17
2026-07-07T08:50:03.129430+08:00,28A,0,M239/9,AA2865,1,
2026-07-07T12:45:34.566339+08:00,28A,0,M155,AA2757,0,28
2026-07-07T12:45:34.566339+08:00,28A,0,T304,AA7340,0,29
2026-07-07T12:45:34.566339+08:00,28A,0,T321/2,AA2865,0,27
2026-07-07T12:45:34.566339+08:00,28A,0,T330/1,AA7456,0,29
2026-07-07T12:45:34.566339+08:00,28A,0,M239/9,AA2389,1,
2026-07-07T12:46:41.050154+08:00,28A,0,M157,AA2757,1,28
2026-07-07T12:46:41.050154+08:00,28A,0,T310/1,AA7340,0,29
2026-07-07T12:46:41.050154+08:00,28A,0,T323,AA2865,1,27
2026-07-07T12:46:41.050154+08:00,28A,0,T330/1,AA7456,0,29
2026-07-07T12:47:47.093530+08:00,28A,0,M157,AA2757,0,28
2026-07-07T12:47:47.093530+08:00,28A,0,T318,AA7340,1,29
2026-07-07T12:47:47.093530+08:00,28A,0,T324/2,AA2865,1,27
2026-07-07T12:47:47.093530+08:00,28A,0,T330/1,AA7456,0,29
2026-07-07T12:48:54.054696+08:00,28A,0,M172/11,AA2757,1,28
2026-07-07T12:48:54.054696+08:00,28A,0,T320,AA7340,1,29
2026-07-07T12:48:54.054696+08:00,28A,0,T324/2,AA2865,0,27
2026-07-07T12:48:54.054696+08:00,28A,0,T330/1,AA7456,0,29
2026-07-07T12:49:59.180219+08:00,28A,0,M172/11,AA2757,0,28
2026-07-07T12:49:59.180219+08:00,28A,0,T321/2,AA7340,1,29
2026-07-07T12:49:59.180219+08:00,28A,0,T324/2,AA2865,0,27
2026-07-07T12:49:59.180219+08:00,28A,0,M172/16,AA7456,1,29
2026-07-07T15:15:39.629269+08:00,28A,0,T403,AA2757,0,28
2026-07-07T15:15:39.629269+08:00,28A,0,T318,AA2389,1,17
2026-07-07T15:15:39.629269+08:00,28A,0,T330/1,AA7340,0,29
2026-07-07T15:15:39.629269+08:00,28A,0,M118,AA2865,0,27
2026-07-07T15:16:48.473660+08:00,28A,0,T304,AA2757,1,28
2026-07-07T15:16:48.473660+08:00,28A,0,T318,AA2389,0,17
2026-07-07T15:16:48.473660+08:00,28A,0,T330/1,AA7340,0,29
2026-07-07T15:16:48.473660+08:00,28A,0,M118,AA2865,0,27
2026-07-07T15:17:57.163279+08:00,28A,0,T304,AA2757,0,28
2026-07-07T15:17:57.163279+08:00,28A,0,T319,AA2389,0,17
2026-07-07T15:17:57.163279+08:00,28A,0,M172/16,AA7340,0,29
2026-07-07T15:17:57.163279+08:00,28A,0,M239/9,AA2865,1,
2026-07-07T15:19:04.375841+08:00,28A,0,T310/1,AA2757,0,28
2026-07-07T15:19:04.375841+08:00,28A,0,T320,AA2389,1,17
2026-07-07T15:19:04.375841+08:00,28A,0,M160/2,AA7340,1,29
2026-07-07T15:19:04.375841+08:00,28A,0,M239/9,AA2865,1,
2026-07-07T15:20:13.871498+08:00,28A,0,T318,AA2757,0,28
2026-07-07T15:20:13.871498+08:00,28A,0,T320,AA2389,0,17
2026-07-07T15:20:13.871498+08:00,28A,0,M158/2,AA7340,1,29
2026-07-07T15:20:13.871498+08:00,28A,0,M239/9,AA2865,1,
2026-07-07T21:15:33.185782+08:00,28A,0,M71,AA2757,0,28
2026-07-07T21:15:33.185782+08:00,28A,0,T324/2,AA2865,0,27
2026-07-07T21:15:33.185782+08:00,28A,0,T330/1,AA7630,0,17
2026-07-07T21:16:43.504007+08:00,28A,0,M155,AA2757,0,28
2026-07-07T21:16:43.504007+08:00,28A,0,T326/5,AA2865,1,27
2026-07-07T21:16:43.504007+08:00,28A,0,T330/1,AA7630,0,17
2026-07-07T21:17:52.457484+08:00,28A,0,M157,AA2757,0,28
2026-07-07T21:17:52.457484+08:00,28A,0,T332/1,AA2865,1,27
2026-07-07T21:17:52.457484+08:00,28A,0,T330/1,AA7630,0,17
2026-07-07T21:19:02.453768+08:00,28A,0,M157,AA2757,0,28
2026-07-07T21:19:02.453768+08:00,28A,0,T332/1,AA2865,0,27
2026-07-07T21:19:02.453768+08:00,28A,0,T330/1,AA7630,0,17
2026-07-07T21:20:13.555432+08:00,28A,0,M172/11,AA2757,0,28
2026-07-07T21:20:13.555432+08:00,28A,0,T325/1,AA2865,0,27
2026-07-07T21:20:13.555432+08:00,28A,0,M172/16,AA7630,1,17
2026-07-08T00:01:02.948626+08:00,28A,0,M172/11,AA2757,0,28
2026-07-08T00:01:02.948626+08:00,28A,0,T308/1,AA2865,0,27
2026-07-08T00:02:16.751195+08:00,28A,0,M172/11,AA2757,0,28
2026-07-08T00:02:16.751195+08:00,28A,0,T330/1,AA2865,0,27
2026-07-08T00:03:28.845427+08:00,28A,0,M172/11,AA2757,0,28
2026-07-08T00:03:28.845427+08:00,28A,0,T330/1,AA2865,0,27
2026-07-08T00:04:39.788766+08:00,28A,0,M172/11,AA2757,0,28
2026-07-08T00:04:39.788766+08:00,28A,0,T330/1,AA2865,0,27
2026-07-08T00:05:49.751866+08:00,28A,0,T304,AA2757,1,28
2026-07-08T00:05:49.751866+08:00,28A,0,T330/1,AA2865,0,27
2026-07-08T00:08:38.874829+08:00,28A,0,T319,AA2757,1,28
2026-07-08T00:08:38.874829+08:00,28A,0,M158/2,AA2865,0,27
2026-07-08T00:09:49.334929+08:00,28A,0,T321/2,AA2757,1,28
2026-07-08T00:09:49.334929+08:00,28A,0,M70,AA2865,0,27
2026-07-08T00:10:58.414822+08:00,28A,0,M239/4,AA7630,0,17
2026-07-08T00:10:58.414822+08:00,28A,0,T323,AA2757,0,28
2026-07-08T00:10:58.414822+08:00,28A,0,M118,AA2865,0,27
2026-07-08T00:12:07.294548+08:00,28A,0,M254,AA7630,0,17
2026-07-08T00:12:07.294548+08:00,28A,0,T324/2,AA2757,0,28
2026-07-08T00:12:07.294548+08:00,28A,0,M239/9,AA2865,1,
2026-07-08T00:13:17.815493+08:00,28A,0,M241,AA7630,0,17
2026-07-08T00:13:17.815493+08:00,28A,0,T326/5,AA2757,1,28
2026-07-08T00:13:17.815493+08:00,28A,0,M239/9,AA2865,1,
2026-07-08T10:30:54.202142+08:00,28A,0,M172/11,AA7549,0,20
2026-07-08T10:30:54.202142+08:00,28A,0,T320,AA7645,1,31
2026-07-08T10:30:54.202142+08:00,28A,0,T300,AA7340,0,29
2026-07-08T10:30:54.202142+08:00,28A,0,M161,AA7456,0,29
2026-07-08T10:32:08.226130+08:00,28A,0,M239/4,AA7692,1,21
2026-07-08T10:32:08.226130+08:00,28A,0,M172/11,AA7549,0,20
2026-07-08T10:32:08.226130+08:00,28A,0,T321/2,AA7645,1,31
2026-07-08T10:32:08.226130+08:00,28A,0,T330/1,AA7340,0,29
2026-07-08T10:32:08.226130+08:00,28A,0,M118,AA7456,1,29
2026-07-08T10:33:19.335629+08:00,28A,0,M254,AA7692,1,21
2026-07-08T10:33:19.335629+08:00,28A,0,M172/11,AA7549,0,20
2026-07-08T10:33:19.335629+08:00,28A,0,T323,AA7645,1,31
2026-07-08T10:33:19.335629+08:00,28A,0,T330/1,AA7340,0,29
2026-07-08T10:33:19.335629+08:00,28A,0,M118,AA7456,1,29
2026-07-08T10:34:30.003881+08:00,28A,0,M254,AA7692,0,21
2026-07-08T10:34:30.003881+08:00,28A,0,M172/11,AA7549,0,20
2026-07-08T10:34:30.003881+08:00,28A,0,T324/2,AA7645,0,31
2026-07-08T10:34:30.003881+08:00,28A,0,T330/1,AA7340,0,29
2026-07-08T10:34:30.003881+08:00,28A,0,M118,AA7456,0,29
2026-07-08T10:35:39.589671+08:00,28A,0,M241,AA7692,1,21
2026-07-08T10:35:39.589671+08:00,28A,0,T403,AA7549,0,20
2026-07-08T10:35:39.589671+08:00,28A,0,T324/2,AA7645,0,31
2026-07-08T10:35:39.589671+08:00,28A,0,M172/16,AA7340,1,29
2026-07-08T10:35:39.589671+08:00,28A,0,M239/9,AA7456,1,
2026-07-08T14:31:01.833227+08:00,28A,0,M157,AB6705,1,21
2026-07-08T14:31:01.833227+08:00,28A,0,T319,AA7456,0,29
2026-07-08T14:31:01.833227+08:00,28A,0,T300,AA7549,1,20
2026-07-08T14:31:01.833227+08:00,28A,0,M118,AA7340,1,29
2026-07-08T14:32:08.939317+08:00,28A,0,M157,AB6705,0,21
2026-07-08T14:32:08.939317+08:00,28A,0,T320,AA7456,1,29
2026-07-08T14:32:08.939317+08:00,28A,0,T330/1,AA7549,0,20
2026-07-08T14:32:08.939317+08:00,28A,0,M118,AA7340,1,29
2026-07-08T14:33:15.125004+08:00,28A,0,M157,AB6705,0,21
2026-07-08T14:33:15.125004+08:00,28A,0,T320,AA7456,1,29
2026-07-08T14:33:15.125004+08:00,28A,0,T330/1,AA7549,0,20
2026-07-08T14:33:15.125004+08:00,28A,0,M118,AA7340,0,29
2026-07-08T14:34:20.397204+08:00,28A,0,M172/11,AB6705,1,21
2026-07-08T14:34:20.397204+08:00,28A,0,T321/2,AA7456,1,29
2026-07-08T14:34:20.397204+08:00,28A,0,T330/1,AA7549,0,20
2026-07-08T14:34:20.397204+08:00,28A,0,M239/9,AA7340,1,
2026-07-08T14:35:27.758704+08:00,28A,0,M172/11,AB6705,0,21
2026-07-08T14:35:27.758704+08:00,28A,0,T323,AA7456,1,29
2026-07-08T14:35:27.758704+08:00,28A,0,T330/1,AA7549,0,20
2026-07-08T14:35:27.758704+08:00,28A,0,M239/9,AA7340,1,
2026-07-08T17:15:37.054614+08:00,28A,0,M172/11,AA7340,1,29
2026-07-08T17:15:37.054614+08:00,28A,0,T323,AA2966,0,15
2026-07-08T17:15:37.054614+08:00,28A,0,T330/1,AB6705,0,21
2026-07-08T17:15:37.054614+08:00,28A,0,M239/9,AA7549,1,
2026-07-08T17:16:47.358959+08:00,28A,0,M172/11,AA7340,0,29
2026-07-08T17:16:47.358959+08:00,28A,0,T324/2,AA2966,0,15
2026-07-08T17:16:47.358959+08:00,28A,0,T330/1,AB6705,0,21
2026-07-08T17:16:47.358959+08:00,28A,0,M239/9,AA7549,1,
2026-07-08T17:17:56.138290+08:00,28A,0,M172/11,AA7340,0,29
2026-07-08T17:17:56.138290+08:00,28A,0,T324/2,AA2966,0,15
2026-07-08T17:17:56.138290+08:00,28A,0,T330/1,AB6705,0,21
2026-07-08T17:17:56.138290+08:00,28A,0,M239/9,AA7549,1,
2026-07-08T17:19:04.647859+08:00,28A,0,M239/4,AA7645,1,31
2026-07-08T17:19:04.647859+08:00,28A,0,M172/11,AA7340,0,29
2026-07-08T17:19:04.647859+08:00,28A,0,T326/5,AA2966,0,15
2026-07-08T17:19:04.647859+08:00,28A,0,T330/1,AB6705,0,21
2026-07-08T17:19:04.647859+08:00,28A,0,M239/9,AA7549,1,
2026-07-08T17:20:12.689235+08:00,28A,0,M254,AA7645,0,31
2026-07-08T17:20:12.689235+08:00,28A,0,M172/11,AA7340,0,29
2026-07-08T17:20:12.689235+08:00,28A,0,T332/1,AA2966,1,15
2026-07-08T17:20:12.689235+08:00,28A,0,M172/16,AB6705,0,21
2026-07-08T23:01:09.646737+08:00,28A,0,T319,AA2966,0,15
2026-07-08T23:01:09.646737+08:00,28A,0,M172/16,AB6705,0,21
2026-07-08T23:02:21.797571+08:00,28A,0,M254,AA7645,1,31
2026-07-08T23:02:21.797571+08:00,28A,0,T320,AA2966,1,15
2026-07-08T23:02:21.797571+08:00,28A,0,M158/2,AB6705,1,21
2026-07-08T23:03:40.324057+08:00,28A,0,M241,AA7645,1,31
2026-07-08T23:03:40.324057+08:00,28A,0,T321/2,AA2966,0,15
2026-07-08T23:03:40.324057+08:00,28A,0,M161,AB6705,1,21
2026-07-08T23:04:49.537883+08:00,28A,0,M71,AA7645,0,31
2026-07-08T23:04:49.537883+08:00,28A,0,T323,AA2966,1,15
2026-07-08T23:04:49.537883+08:00,28A,0,M70,AB6705,1,21
2026-07-08T23:05:57.127446+08:00,28A,0,M155,AA7645,0,31
2026-07-08T23:05:57.127446+08:00,28A,0,T324/2,AA2966,0,15
2026-07-08T23:05:57.127446+08:00,28A,0,M118,AB6705,1,21
2026-07-10T00:00:55.049Z,28A,0,M241,AA2825,0,17
2026-07-10T00:00:55.049Z,28A,0,M172/11,AA2865,0,49
2026-07-10T00:00:55.049Z,28A,0,T311/1,AA7456,0,11
2026-07-10T00:00:55.049Z,28A,0,M239/9,AA7645,1,
2026-07-10T16:15:21.325Z,28A,0,T304,AB5894,1,41
2026-07-10T16:15:21.325Z,28A,0,T311/1,AA2556,0,11
2026-07-10T16:15:21.325Z,28A,0,M239/9,AA6245,1,
2026-07-10T17:00:52.221Z,28A,0,M172/11,AA2556,0,45
2026-07-10T17:00:52.221Z,28A,0,T324/2,AA6245,0,29
2026-07-10T17:00:52.221Z,28A,0,T330/1,AA7549,0,46
2026-07-10T17:00:52.221Z,28A,0,M239/9,AB5894,1,
2026-07-10T21:30:47.963Z,28A,0,M239/4,AA6245,0,50
2026-07-10T21:30:47.963Z,28A,0,T320,AB5894,1,1
2026-07-10T21:30:47.963Z,28A,0,T330/1,AA2556,1,19
2026-07-10T23:45:20.976Z,28A,0,M172/11,AA2556,0,44
2026-07-10T23:45:20.976Z,28A,0,T300,AA6245,1,32
2026-07-10T23:45:20.976Z,28A,0,M239/9,AB5894,1,
2026-07-11T09:00:53.824Z,28A,0,M71,AA7549,0,39
2026-07-11T09:00:53.824Z,28A,0,M172/11,AA7630,0,48
2026-07-11T09:00:53.824Z,28A,0,T339/1,AA7340,0,17
2026-07-11T09:00:53.824Z,28A,0,T330/1,AA2178,0,47
2026-07-11T09:00:53.824Z,28A,0,M239/9,AA7645,1,
2026-07-11T12:15:20.041Z,28A,0,M172/11,AA7340,0,47
2026-07-11T12:15:20.041Z,28A,0,T320,AA7630,0,2
2026-07-11T12:15:20.041Z,28A,0,T339/1,AA2178,1,1
2026-07-11T12:15:20.041Z,28A,0,M239/9,AA7549,1,
2026-07-11T16:15:19.346Z,28A,0,T403,AA7340,0,34
2026-07-11T16:15:19.346Z,28A,0,T318,AA2827,0,8
2026-07-11T16:15:19.346Z,28A,0,T319,AB6417,0,3
2026-07-11T16:15:19.346Z,28A,0,T339/1,AA7645,0,2
2026-07-11T16:15:19.346Z,28A,0,T330/1,AA2178,0,45
2026-07-11T16:15:19.346Z,28A,0,M239/9,AA7549,1,
2026-07-11T22:30:52.485Z,28A,0,M172/11,AA7645,0,47
2026-07-11T22:30:52.485Z,28A,0,T311/1,AA7340,0,39
2026-07-11T22:30:52.485Z,28A,0,M172/16,AB6417,0,41
2026-07-12T10:30:47.202Z,28A,0,M172/11,AA2178,0,47
2026-07-12T10:30:47.202Z,28A,0,T325/1,AA7645,0,14
2026-07-12T10:30:47.202Z,28A,0,M239/9,AA7549,1,
2026-07-12T12:00:55.247Z,28A,0,M155,AA7340,1,13
2026-07-12T12:00:55.247Z,28A,0,T321/2,AA2178,1,18
2026-07-12T12:00:55.247Z,28A,0,M160/2,AA7549,1,14
2026-07-12T20:00:58.129Z,28A,0,T310/1,AA7645,0,27
2026-07-12T20:00:58.129Z,28A,0,T330/1,AA2374,0,47
2026-07-12T20:00:58.129Z,28A,0,M239/9,AA7549,1,
2026-07-12T22:30:50.559Z,28A,0,T403,AA2374,1,32
2026-07-12T22:30:50.559Z,28A,0,T311/1,AA7340,0,2
2026-07-12T22:30:50.559Z,28A,0,M239/9,AA7645,1,
2026-07-12T23:45:19.085Z,28A,0,M157,AA6183,0,3
2026-07-12T23:45:19.085Z,28A,0,T403,AA7645,1,35
2026-07-12T23:45:19.085Z,28A,0,T330/1,AA2374,0,47
2026-07-12T23:45:19.085Z,28A,0,M239/9,AA7340,1,
2026-07-12T23:50:44.729Z,28A,0,M172/11,AA6183,0,44
2026-07-12T23:50:44.729Z,28A,0,T321/2,AA7645,1,27
2026-07-12T23:50:44.729Z,28A,0,M158/2,AA2374,1,25
2026-07-13T07:00:55.523Z,28A,0,M172/11,AA7340,0,45
2026-07-13T07:00:55.523Z,28A,0,T324/2,AA7584,0,18
2026-07-13T07:00:55.523Z,28A,0,M172/16,AA7549,0,44
2026-07-13T07:40:43.951Z,28A,0,M172/11,AA7584,1,6
2026-07-13T07:40:43.951Z,28A,0,T321/2,AA7564,1,12
2026-07-13T07:40:43.951Z,28A,0,T339/1,AA7549,0,36
2026-07-13T07:40:43.951Z,28A,0,M172/16,AA7645,0,29
2026-07-13T08:00:55.725Z,28A,0,M71,AA7645,1,9
2026-07-13T08:00:55.725Z,28A,0,T323,AA7340,1,35
2026-07-13T08:00:55.725Z,28A,0,T339/1,AA7584,0,10
2026-07-13T08:00:55.725Z,28A,0,M160/2,AA7564,0,21
2026-07-13T08:00:55.725Z,28A,0,M239/9,AA7549,1,
2026-07-13T08:10:42.206Z,28A,0,M239/4,AA7549,1,11
2026-07-13T08:10:42.206Z,28A,0,T403,AA7645,0,27
2026-07-13T08:10:42.206Z,28A,0,T311/1,AA7340,0,27
2026-07-13T08:10:42.206Z,28A,0,M160/2,AA7584,1,6
2026-07-13T08:30:48.516Z,28A,0,M157,AA7564,0,39
2026-07-13T08:30:48.516Z,28A,0,T319,AA7549,0,18
2026-07-13T08:30:48.516Z,28A,0,T330/1,AA7645,0,47
2026-07-13T08:30:48.516Z,28A,0,M239/9,AA7340,1,
2026-07-13T11:35:14.334Z,28A,0,T304,AA7645,1,28
2026-07-13T11:35:14.334Z,28A,0,T330/1,AA7340,0,42
2026-07-13T11:35:14.334Z,28A,0,M118,AA7584,1,10
2026-07-13T16:10:44.534Z,28A,0,M254,AA7564,1,18
2026-07-13T16:10:44.534Z,28A,0,T403,AA7340,1,12
2026-07-13T16:10:44.534Z,28A,0,T324/2,AA7584,0,32
2026-07-13T16:10:44.534Z,28A,0,M158/2,AA7645,0,19
2026-07-13T20:10:44.117Z,28A,0,T320,AA7549,0,13
2026-07-13T20:10:44.117Z,28A,0,T300,AA7340,1,20
2026-07-13T20:10:44.117Z,28A,0,M118,AA7584,1,25
2026-07-13T21:20:43.835Z,28A,0,M172/11,AA7564,0,44
2026-07-13T21:20:43.835Z,28A,0,T339/1,AA7584,0,24
2026-07-13T21:20:43.835Z,28A,0,M239/9,AA7645,1,
2026-07-13T21:55:16.811Z,28A,0,M157,AA7584,1,34
2026-07-13T21:55:16.811Z,28A,0,T339/1,AA7645,1,9
2026-07-13T21:55:16.811Z,28A,0,M158/2,AA7564,0,9
2026-07-13T23:50:43.844Z,28A,0,T304,AA7584,0,13
2026-07-13T23:50:43.844Z,28A,0,T310/1,AB6344,0,28
2026-07-13T23:50:43.844Z,28A,0,M158/2,AA7645,1,31
2026-07-14T07:20:46.995Z,28A,0,M157,AA7549,0,39
2026-07-14T07:20:46.995Z,28A,0,T319,AA7645,0,26
2026-07-14T07:20:46.995Z,28A,0,T330/1,AA7340,0,47
2026-07-14T07:20:46.995Z,28A,0,M118,AA2708,0,3
2026-07-14T07:45:20.112Z,28A,0,M241,AA7340,1,5
2026-07-14T07:45:20.112Z,28A,0,M172/11,AA2708,0,47
2026-07-14T07:45:20.112Z,28A,0,T324/2,AA6978,1,32
2026-07-14T07:45:20.112Z,28A,0,T330/1,AA7549,0,45
2026-07-14T07:45:20.112Z,28A,0,M118,AA7645,0,22
2026-07-14T09:20:44.728Z,28A,0,M172/11,AA7645,0,48
2026-07-14T09:20:44.728Z,28A,0,T339/1,AA7340,0,17
2026-07-14T09:20:44.728Z,28A,0,T330/1,AA2708,0,46
2026-07-14T09:20:44.728Z,28A,0,M239/9,AA6978,1,
2026-07-14T09:45:18.709Z,28A,0,M172/11,AA6978,0,49
2026-07-14T09:45:18.709Z,28A,0,T323,AA7549,0,5
2026-07-14T09:45:18.709Z,28A,0,T330/1,AA7645,0,47
2026-07-14T10:15:19.550Z,28A,0,M71,AA7645,1,3
2026-07-14T10:15:19.550Z,28A,0,T320,AA7340,1,20
2026-07-14T10:15:19.550Z,28A,0,T339/1,AA2708,0,12
2026-07-14T10:15:19.550Z,28A,0,M161,AA6978,0,13
2026-07-14T12:50:44.672Z,28A,0,M172/11,AA6978,0,43
2026-07-14T12:50:44.672Z,28A,0,T324/2,AA7340,1,28
2026-07-14T12:50:44.672Z,28A,0,T339/1,AA7645,1,2
2026-07-14T12:50:44.672Z,28A,0,T330/1,AA2708,0,43
2026-07-14T17:10:45.886Z,28A,0,M155,AA7340,1,4
2026-07-14T17:10:45.886Z,28A,0,T310/1,AA2708,0,11
2026-07-14T17:10:45.886Z,28A,0,T339/1,AA7645,0,14
2026-07-14T17:10:45.886Z,28A,0,M158/2,AA7549,0,5
2026-07-14T17:10:45.886Z,28A,0,M239/9,AA6978,1,
2026-07-14T18:50:44.470Z,28A,0,M157,AA7549,1,20
2026-07-14T18:50:44.470Z,28A,0,T403,AA6978,0,2
2026-07-14T18:50:44.470Z,28A,0,T323,AA7340,1,16
2026-07-14T18:50:44.470Z,28A,0,M118,AA7645,1,6
2026-07-14T19:26:47.418Z,28A,0,T321/2,AA7645,1,13
2026-07-14T19:26:47.418Z,28A,0,T339/1,AA7549,0,19
2026-07-14T19:26:47.418Z,28A,0,M158/2,AA6978,0,8
2026-07-14T19:26:47.418Z,28A,0,M239/9,AA7340,1,
2026-07-14T20:40:46.768Z,28A,0,M172/11,AA7645,1,12
2026-07-14T20:40:46.768Z,28A,0,T332/1,AA6978,0,25
2026-07-14T20:40:46.768Z,28A,0,M239/9,AA7549,1,
2026-07-14T22:00:45.530Z,28A,0,M172/11,AA2708,0,48
2026-07-14T22:00:45.530Z,28A,0,T330/1,AA7645,1,47
2026-07-14T22:00:45.530Z,28A,0,M239/9,AA6978,1,
2026-07-14T22:30:40.791Z,28A,0,M155,AA7645,0,34
2026-07-14T22:30:40.791Z,28A,0,T324/2,AA6978,0,26
2026-07-14T22:30:40.791Z,28A,0,M161,AA2708,1,21
2026-07-15T00:00:46.141Z,28A,0,M172/11,AA6978,0,48
2026-07-15T00:00:46.141Z,28A,0,T325/1,AA2708,1,7
2026-07-15T00:00:46.141Z,28A,0,M239/9,AA7645,1,
2026-07-15T00:05:14.922Z,28A,0,T403,AA6978,0,31
2026-07-15T00:05:14.922Z,28A,0,T330/1,AA2708,0,25
2026-07-15T06:58:11.210Z,28A,0,M172/11,AA7340,1,28
2026-07-15T06:58:11.210Z,28A,0,T319,AA7456,1,27
2026-07-15T06:58:11.210Z,28A,0,T330/1,AA3053,0,44
2026-07-15T08:25:16.221Z,28A,0,M254,AA6978,0,10
2026-07-15T08:25:16.221Z,28A,0,T403,AA3053,1,2
2026-07-15T08:25:16.221Z,28A,0,T332/1,AA7645,0,31
2026-07-15T08:25:16.221Z,28A,0,M118,AA7340,0,6
2026-07-15T08:25:16.221Z,28A,0,M239/9,AA7456,1,
2026-07-15T08:35:14.944Z,28A,0,M172/11,AA6978,0,44
2026-07-15T08:35:14.944Z,28A,0,T324/2,AA3053,1,13
2026-07-15T08:35:14.944Z,28A,0,T330/1,AA7645,0,46
2026-07-15T09:00:57.538Z,28A,0,M172/11,AA7340,0,46
2026-07-15T09:00:57.538Z,28A,0,T319,AA7456,1,6
2026-07-15T09:00:57.538Z,28A,0,T325/1,AA6978,1,13
2026-07-15T09:00:57.538Z,28A,0,M160/2,AA3053,0,18
2026-07-15T11:10:44.021Z,28A,0,T403,AA7340,1,46
2026-07-15T11:10:44.021Z,28A,0,T324/2,AA7456,0,34
2026-07-15T11:10:44.021Z,28A,0,T330/1,AA6978,0,43
2026-07-15T11:10:44.021Z,28A,0,M118,AA3053,0,22
2026-07-15T11:30:50.797Z,28A,0,M172/11,AA7645,0,47
2026-07-15T11:30:50.797Z,28A,0,T308/1,AA7340,1,22
2026-07-15T11:30:50.797Z,28A,0,M70,AA7456,1,24
2026-07-15T11:35:16.475Z,28A,0,M254,AA6978,0,3
2026-07-15T11:35:16.475Z,28A,0,T310/1,AA7645,0,18
2026-07-15T11:35:16.475Z,28A,0,T330/1,AA7340,0,46
2026-07-15T11:35:16.475Z,28A,0,M239/9,AA7456,1,
2026-07-15T11:40:42.741Z,28A,0,M157,AA6978,1,9
2026-07-15T11:40:42.741Z,28A,0,T321/2,AA7645,1,10
2026-07-15T11:40:42.741Z,28A,0,M158/2,AA7340,1,22
2026-07-15T12:00:57.758Z,28A,0,M172/11,AA3053,0,43
2026-07-15T12:00:57.758Z,28A,0,T324/2,AA6978,0,1
2026-07-15T12:00:57.758Z,28A,0,M172/16,AA7645,0,33
2026-07-15T12:15:20.985Z,28A,0,M172/11,AA7456,1,2
2026-07-15T12:15:20.985Z,28A,0,T324/2,AA3053,0,20
2026-07-15T12:15:20.985Z,28A,0,T330/1,AA6978,0,42
2026-07-15T12:25:16.298Z,28A,0,M239/4,AA7340,0,18
2026-07-15T12:25:16.298Z,28A,0,M157,AA7645,0,32
2026-07-15T12:25:16.298Z,28A,0,T318,AA7456,0,21
2026-07-15T12:25:16.298Z,28A,0,T330/1,AA3053,0,33
2026-07-15T12:25:16.298Z,28A,0,M70,AA6978,1,32
2026-07-15T13:00:55.564Z,28A,0,M172/11,AA3053,0,45
2026-07-15T13:00:55.564Z,28A,0,T321/2,AA6978,0,5
2026-07-15T13:00:55.564Z,28A,0,T339/1,AA7340,0,19
2026-07-15T13:00:55.564Z,28A,0,T330/1,AA7645,0,47
2026-07-15T13:00:55.564Z,28A,0,M239/9,AA7456,1,
2026-07-15T14:10:43.989Z,28A,0,M254,AA7645,0,45
2026-07-15T14:10:43.989Z,28A,0,T310/1,AA6978,1,15
2026-07-15T14:10:43.989Z,28A,0,T300,AA7340,0,14
2026-07-15T14:10:43.989Z,28A,0,M118,AA7456,0,31
2026-07-15T14:15:19.084Z,28A,0,M157,AA7645,1,10
2026-07-15T14:15:19.084Z,28A,0,T310/1,AA6978,0,4
2026-07-15T14:15:19.084Z,28A,0,M158/2,AA7340,0,6
2026-07-15T14:15:19.084Z,28A,0,M239/9,AA7456,1,
2026-07-15T15:45:19.359Z,28A,0,M241,AA2594,0,13
2026-07-15T15:45:19.359Z,28A,0,T310/1,AA7645,0,39
2026-07-15T15:45:19.359Z,28A,0,T330/1,AA6978,0,39
2026-07-15T15:45:19.359Z,28A,0,M161,AA3053,1,8
2026-07-15T16:30:44.175Z,28A,0,M172/11,AA3053,0,35
2026-07-15T16:30:44.175Z,28A,0,T318,AA6978,0,17
2026-07-15T16:30:44.175Z,28A,0,T339/1,AA7340,1,20
2026-07-15T16:30:44.175Z,28A,0,M158/2,AA2594,0,22
2026-07-15T16:55:15.144Z,28A,0,M71,AA2594,0,17
2026-07-15T16:55:15.144Z,28A,0,T320,AA7645,1,13
2026-07-15T16:55:15.144Z,28A,0,T339/1,AA3053,0,20
2026-07-15T16:55:15.144Z,28A,0,T330/1,AA6978,0,10
2026-07-15T16:55:15.144Z,28A,0,M239/9,AA7340,1,
2026-07-15T17:45:21.285Z,28A,0,M172/11,AA3053,0,44
2026-07-15T17:45:21.285Z,28A,0,T323,AA6978,1,12
2026-07-15T17:45:21.285Z,28A,0,T311/1,AA7340,1,15
2026-07-15T17:45:21.285Z,28A,0,M118,AA2594,1,23
2026-07-15T18:50:44.493Z,28A,0,M155,AA3053,1,6
2026-07-15T18:50:44.493Z,28A,0,M172/11,AA6978,0,47
2026-07-15T18:50:44.493Z,28A,0,T323,AA7340,1,18
2026-07-15T18:50:44.493Z,28A,0,T330/1,AA2594,0,43
2026-07-15T18:50:44.493Z,28A,0,M118,AA7645,0,28
2026-07-15T20:00:53.016Z,28A,0,M155,AA3053,1,24
2026-07-15T20:00:53.016Z,28A,0,T324/2,AA7340,0,31
2026-07-15T20:00:53.016Z,28A,0,M172/16,AA2594,0,36
2026-07-15T20:00:53.016Z,28A,0,M118,AA7645,0,47
2026-07-15T20:30:45.354Z,28A,0,T310/1,AA6978,0,35
2026-07-15T20:30:45.354Z,28A,0,T339/1,AA3053,0,15
2026-07-15T20:30:45.354Z,28A,0,M239/9,AA7340,1,
2026-07-15T21:00:46.951Z,28A,0,M172/11,AA2594,1,17
2026-07-15T21:00:46.951Z,28A,0,T332/1,AA7645,0,4
2026-07-15T21:00:46.951Z,28A,0,M158/2,AA6978,0,24
2026-07-15T21:25:16.668Z,28A,0,M172/11,AA6978,0,48
2026-07-15T21:25:16.668Z,28A,0,T311/1,AA2594,1,38
2026-07-15T21:25:16.668Z,28A,0,M239/9,AA7645,1,
2026-07-15T22:00:52.323Z,28A,0,M172/11,AA2594,0,49
2026-07-15T22:00:52.323Z,28A,0,T300,AA7645,1,16
2026-07-15T22:00:52.323Z,28A,0,M239/9,AA6978,1,
2026-07-15T22:15:19.462Z,28A,0,M172/11,AA6978,0,41
2026-07-15T22:15:19.462Z,28A,0,T332/1,AA2594,0,4
2026-07-15T22:15:19.462Z,28A,0,M118,AA7645,0,29
2026-07-15T23:20:43.829Z,28A,0,M254,AA7645,1,30
2026-07-15T23:20:43.829Z,28A,0,T319,AA6978,0,12
2026-07-15T23:20:43.829Z,28A,0,M160/2,AA2594,0,6
2026-07-15T23:55:15.259Z,28A,0,M71,AA6978,1,36
2026-07-15T23:55:15.259Z,28A,0,T321/2,AA2594,0,34
2026-07-15T23:55:15.259Z,28A,0,M70,AA7645,1,9
2026-07-16T00:00:49.925Z,28A,0,M239/4,AA7630,0,5
2026-07-16T00:00:49.925Z,28A,0,M172/11,AA6978,0,44
2026-07-16T00:00:49.925Z,28A,0,T325/1,AA2594,0,17
2026-07-16T00:00:49.925Z,28A,0,M239/9,AA7645,1,
2026-07-16T00:00:50.255Z,28A,0,M239/4,AA7630,0,5
2026-07-16T00:00:50.255Z,28A,0,M172/11,AA6978,0,44
2026-07-16T00:00:50.255Z,28A,0,T325/1,AA2594,0,17
2026-07-16T00:00:50.255Z,28A,0,M239/9,AA7645,1,
2026-07-16T06:45:18.941Z,28A,0,M254,AA7456,1,24
2026-07-16T06:45:18.941Z,28A,0,T319,AA7549,1,6
2026-07-16T07:00:46.042Z,28A,0,M172/11,AA7340,0,36
2026-07-16T07:00:46.042Z,28A,0,T323,AA7456,1,21
2026-07-16T07:00:46.042Z,28A,0,T330/1,AA7549,0,45
2026-07-16T07:15:19.840Z,28A,0,M239/4,AA7549,1,15
2026-07-16T07:15:19.840Z,28A,0,M172/11,AA7645,0,47
2026-07-16T07:15:19.840Z,28A,0,T332/1,AA7340,0,11
2026-07-16T07:15:19.840Z,28A,0,M172/16,AA7456,0,41
2026-07-16T09:20:44.511Z,28A,0,M239/4,AA7549,0,29
2026-07-16T09:20:44.511Z,28A,0,M157,AA7645,1,7
2026-07-16T09:20:44.511Z,28A,0,T323,AA7340,1,17
2026-07-16T09:20:44.511Z,28A,0,T308/1,AA7456,0,45
2026-07-16T09:20:44.511Z,28A,0,M158/2,AA6978,0,2
2026-07-16T09:30:47.386Z,28A,0,M157,AA7549,0,14
2026-07-16T09:30:47.386Z,28A,0,T304,AA7645,0,15
2026-07-16T09:30:47.386Z,28A,0,T339/1,AA7340,0,31
2026-07-16T09:30:47.386Z,28A,0,M161,AA7456,0,13
2026-07-16T09:30:47.386Z,28A,0,M239/9,AA6978,1,
2026-07-16T12:00:48.588Z,28A,0,M172/11,AA7549,1,10
2026-07-16T12:00:48.588Z,28A,0,T324/2,AA6978,1,12
2026-07-16T12:00:48.588Z,28A,0,T330/1,AA7645,0,46
2026-07-16T13:00:50.046Z,28A,0,M157,AA7549,1,2
2026-07-16T13:00:50.046Z,28A,0,T319,AA6978,0,2
2026-07-16T13:00:50.046Z,28A,0,T325/1,AA7645,1,7
2026-07-16T13:00:50.046Z,28A,0,T325/1,AA7340,1,6
2026-07-16T13:00:50.046Z,28A,0,M161,AA7456,1,2
2026-07-16T14:25:16.003Z,28A,0,M157,AA7456,0,26
2026-07-16T14:25:16.003Z,28A,0,T324/2,AA7549,0,28
2026-07-16T14:25:16.003Z,28A,0,M118,AA7340,0,44
2026-07-16T14:30:43.955Z,28A,0,M172/11,AA7456,0,44
2026-07-16T14:30:43.955Z,28A,0,T339/1,AA7549,1,6
2026-07-16T14:55:16.644Z,28A,0,T310/1,AA7340,0,14
2026-07-16T14:55:16.644Z,28A,0,T339/1,AA7456,0,1
2026-07-16T15:00:45.347Z,28A,0,M71,AA7549,1,23
2026-07-16T15:00:45.347Z,28A,0,T320,AA7340,1,2
2026-07-16T15:00:45.347Z,28A,0,T330/1,AA7456,0,44
2026-07-16T15:30:43.090Z,28A,0,M172/11,AB5894,0,41
2026-07-16T15:30:43.090Z,28A,0,T321/2,AA7549,1,18
2026-07-16T15:30:43.090Z,28A,0,M239/9,AA7340,1,
2026-07-16T17:20:44.813Z,28A,0,M157,AA7340,1,29
2026-07-16T17:20:44.813Z,28A,0,T319,AA7456,1,4
2026-07-16T17:20:44.813Z,28A,0,T323,AB5894,1,10
2026-07-16T17:20:44.813Z,28A,0,M158/2,AA7549,1,9
2026-07-16T17:30:41.337Z,28A,0,M172/11,AA6978,1,8
2026-07-16T17:30:41.337Z,28A,0,T403,AA7340,0,27
2026-07-16T17:30:41.337Z,28A,0,T321/2,AA7456,1,10
2026-07-16T17:30:41.337Z,28A,0,T311/1,AB5894,1,20
2026-07-16T17:30:41.337Z,28A,0,M239/9,AA7549,1,
2026-07-16T18:00:57.634Z,28A,0,M241,AB5894,1,13
2026-07-16T18:00:57.634Z,28A,0,T319,AA7549,0,3
2026-07-16T18:00:57.634Z,28A,0,T324/2,AA6978,0,12
2026-07-16T18:00:57.634Z,28A,0,T325/1,AA7340,1,10
2026-07-16T18:00:57.634Z,28A,0,M70,AA7456,0,24
2026-07-16T18:55:14.913Z,28A,0,M155,AA7549,1,25
2026-07-16T18:55:14.913Z,28A,0,T403,AA6978,1,1
2026-07-16T18:55:14.913Z,28A,0,T324/2,AA7645,0,36
2026-07-16T18:55:14.913Z,28A,0,T339/1,AA7456,0,1
2026-07-16T18:55:14.913Z,28A,0,T339/1,AA7340,0,4
2026-07-16T18:55:14.913Z,28A,0,T330/1,AB5894,0,45
2026-07-16T19:30:44.228Z,28A,0,M172/11,AB5894,0,44
2026-07-16T19:30:44.228Z,28A,0,T325/1,AA7549,0,13
2026-07-16T19:30:44.228Z,28A,0,T330/1,AA6978,0,45
2026-07-16T21:05:14.773Z,28A,0,T310/1,AA7456,0,21
2026-07-16T21:05:14.773Z,28A,0,T330/1,AA2558,0,45
2026-07-16T21:05:14.773Z,28A,0,M158/2,AA6978,1,22
2026-07-16T21:30:43.507Z,28A,0,M71,AA6978,0,17
2026-07-16T21:30:43.507Z,28A,0,T323,AB5894,1,8
2026-07-16T21:30:43.507Z,28A,0,T330/1,AA7456,0,43
2026-07-16T21:35:16.007Z,28A,0,M172/11,AA6978,0,41
2026-07-16T21:35:16.007Z,28A,0,T326/5,AB5894,0,30
2026-07-16T21:35:16.007Z,28A,0,M172/16,AA7456,0,22
2026-07-16T22:00:45.805Z,28A,0,T304,AA7456,0,31
2026-07-16T22:00:45.805Z,28A,0,T339/1,AA6978,0,25
2026-07-16T22:00:45.805Z,28A,0,M239/9,AB5894,1,
2026-07-16T22:10:44.215Z,28A,0,M71,AB5894,0,15
2026-07-16T22:10:44.215Z,28A,0,T321/2,AA7456,0,35
2026-07-16T22:10:44.215Z,28A,0,T330/1,AA6978,0,44
2026-07-16T22:30:41.185Z,28A,0,M157,AA6978,1,23
2026-07-16T22:30:41.185Z,28A,0,T323,AB5894,1,14
2026-07-16T22:30:41.185Z,28A,0,M172/16,AA7456,1,17
2026-07-16T23:00:33.051Z,28A,0,T318,AA7456,1,20
2026-07-16T23:00:33.051Z,28A,0,T308/1,AA6978,0,14
2026-07-16T23:00:33.051Z,28A,0,M161,AB5894,0,17
2026-07-17T00:00:31.570Z,28A,0,M239/4,AB5894,1,5
2026-07-17T00:00:31.570Z,28A,0,M71,AA7630,1,5
2026-07-17T00:00:31.570Z,28A,0,T324/2,AA7456,0,42
2026-07-17T00:00:31.570Z,28A,0,M118,AA6978,1,25
2026-07-17T00:00:32.580Z,28A,0,M239/4,AB5894,1,5
2026-07-17T00:00:32.580Z,28A,0,M71,AA7630,1,5
2026-07-17T00:00:32.580Z,28A,0,T324/2,AA7456,0,42
2026-07-17T00:00:32.580Z,28A,0,M118,AA6978,1,25
2026-07-17T00:00:38.340Z,28A,0,M239/4,AB5894,1,5
2026-07-17T00:00:38.340Z,28A,0,M71,AA7630,1,5
2026-07-17T00:00:38.340Z,28A,0,T324/2,AA7456,0,29
2026-07-17T00:00:38.340Z,28A,0,M118,AA6978,1,25
2026-07-17T07:25:16.026Z,28A,0,M239/4,AB6189,0,50
2026-07-17T07:25:16.026Z,28A,0,M172/11,AA7549,0,49
2026-07-17T07:25:16.026Z,28A,0,T324/2,AA7645,0,32
2026-07-17T07:25:16.026Z,28A,0,M158/2,AA7340,0,28
2026-07-17T07:25:16.026Z,28A,0,M239/9,AA7456,1,
2026-07-17T08:55:15.668Z,28A,0,M71,AA7340,0,29
2026-07-17T08:55:15.668Z,28A,0,M172/11,AA7456,0,43
2026-07-17T08:55:15.668Z,28A,0,T324/2,AB6189,0,40
2026-07-17T08:55:15.668Z,28A,0,M172/16,AA7549,1,4
2026-07-17T09:05:16.031Z,28A,0,M172/11,AA7340,0,44
2026-07-17T09:05:16.031Z,28A,0,T318,AA7456,0,20
2026-07-17T09:05:16.031Z,28A,0,T300,AB6189,1,41
2026-07-17T09:05:16.031Z,28A,0,M118,AA7549,1,4
2026-07-17T10:25:15.935Z,28A,0,M241,AA7549,1,2
2026-07-17T10:25:15.935Z,28A,0,M172/11,AA7645,0,47
2026-07-17T10:25:15.935Z,28A,0,T324/2,AA7340,0,34
2026-07-17T10:25:15.935Z,28A,0,M158/2,AA7456,0,2
2026-07-17T10:25:15.935Z,28A,0,M239/9,AB6189,1,
2026-07-17T10:30:27.124Z,28A,0,M157,AA7549,0,38
2026-07-17T10:30:27.124Z,28A,0,T310/1,AA7645,0,34
2026-07-17T10:30:27.124Z,28A,0,T339/1,AA7340,0,32
2026-07-17T10:30:27.124Z,28A,0,M118,AA7456,0,30
2026-07-17T11:00:37.457Z,28A,0,M241,AA7340,0,28
2026-07-17T11:00:37.457Z,28A,0,M172/11,AA7456,0,46
2026-07-17T11:00:37.457Z,28A,0,T326/5,AB6189,0,44
2026-07-17T11:00:37.457Z,28A,0,T308/1,AA7549,0,26
2026-07-17T11:00:37.457Z,28A,0,M161,AA7645,1,6
2026-07-17T11:05:16.435Z,28A,0,M157,AA7340,1,8
2026-07-17T11:05:16.435Z,28A,0,T310/1,AA7456,0,42
2026-07-17T11:05:16.435Z,28A,0,T311/1,AB6189,1,19
2026-07-17T11:05:16.435Z,28A,0,T330/1,AA7549,0,45
2026-07-17T11:05:16.435Z,28A,0,M118,AA7645,0,26
2026-07-17T11:40:26.893Z,28A,0,M71,AB6189,1,12
2026-07-17T11:40:26.893Z,28A,0,T319,AA7645,1,21
2026-07-17T11:40:26.893Z,28A,0,T330/1,AA7340,0,39
2026-07-17T11:40:26.893Z,28A,0,M118,AA7456,0,17
2026-07-17T11:45:20.144Z,28A,0,M157,AB6189,0,38
2026-07-17T11:45:20.144Z,28A,0,T323,AA7645,1,13
2026-07-17T11:45:20.144Z,28A,0,M172/16,AA7340,0,38
2026-07-17T11:45:20.144Z,28A,0,M239/9,AA7456,1,
2026-07-17T12:30:28.550Z,28A,0,T318,AA7456,0,14
2026-07-17T12:30:28.550Z,28A,0,T311/1,AA7549,0,17
2026-07-17T12:30:28.550Z,28A,0,M161,AB6189,0,26
2026-07-17T13:00:41.071Z,28A,0,M155,AA7549,0,19
2026-07-17T13:00:41.071Z,28A,0,T318,AB6189,0,22
2026-07-17T13:00:41.071Z,28A,0,M158/2,AA7456,1,2
2026-07-17T13:30:26.651Z,28A,0,M254,AA7340,1,17
2026-07-17T13:30:26.651Z,28A,0,T403,AA7456,0,5
2026-07-17T13:30:26.651Z,28A,0,T324/2,AA7549,0,32
2026-07-17T13:30:26.651Z,28A,0,T330/1,AB6189,0,44
2026-07-17T13:50:27.393Z,28A,0,T319,AA7340,0,1
2026-07-17T13:50:27.393Z,28A,0,T326/5,AA7456,0,29
2026-07-17T13:50:27.393Z,28A,0,M160/2,AA7549,1,13
2026-07-17T14:30:28.353Z,28A,0,M71,AA7456,0,6
2026-07-17T14:30:28.353Z,28A,0,T403,AA7645,1,13
2026-07-17T14:30:28.353Z,28A,0,T319,AA7549,0,2
2026-07-17T14:30:28.353Z,28A,0,M158/2,AA7340,0,5
2026-07-17T19:20:26.668Z,28A,0,M254,AA7456,0,38
2026-07-17T19:20:26.668Z,28A,0,T304,AA2966,1,6
2026-07-17T19:20:26.668Z,28A,0,T318,AB6189,0,27
2026-07-17T19:20:26.668Z,28A,0,T321/2,AA7645,0,15
2026-07-17T19:20:26.668Z,28A,0,T330/1,AA7249,0,48
2026-07-17T19:30:32.706Z,28A,0,M172/11,AA7456,0,39
2026-07-17T19:30:32.706Z,28A,0,T318,AB6189,0,47
2026-07-17T19:30:32.706Z,28A,0,T320,AA2966,1,6
2026-07-17T19:30:32.706Z,28A,0,T325/1,AA7645,0,20
2026-07-17T19:30:32.706Z,28A,0,M161,AA7249,1,3
2026-07-17T20:30:26.609Z,28A,0,M172/11,AB6189,0,48
2026-07-17T20:30:26.609Z,28A,0,T326/5,AA7645,1,28
2026-07-17T20:30:26.609Z,28A,0,T311/1,AA7340,1,11
2026-07-17T20:30:26.609Z,28A,0,M158/2,AA2876,0,7
2026-07-17T21:20:24.545Z,28A,0,M155,AB6189,1,18
2026-07-17T21:20:24.545Z,28A,0,T325/1,AA7456,1,27
2026-07-17T21:20:24.545Z,28A,0,M158/2,AA7505,0,22
2026-07-17T21:30:26.419Z,28A,0,M239/4,AA7645,1,11
2026-07-17T21:30:26.419Z,28A,0,T403,AB6189,0,27
2026-07-17T21:30:26.419Z,28A,0,T330/1,AA7456,0,43
2026-07-17T23:30:27.580Z,28A,0,M172/11,AA7645,0,47
2026-07-17T23:30:27.580Z,28A,0,T311/1,AB6189,0,20
2026-07-17T23:30:27.580Z,28A,0,M161,AA7456,1,15
2026-07-18T00:00:32.451Z,28A,0,M239/4,AB6189,1,9
2026-07-18T00:00:32.451Z,28A,0,M172/11,AA7249,0,46
2026-07-18T00:00:32.451Z,28A,0,T300,AA2876,1,29
2026-07-18T00:00:32.451Z,28A,0,M118,AA7645,0,36
2026-07-18T09:00:26.894Z,28A,0,M71,AA7549,1,4
2026-07-18T09:00:26.894Z,28A,0,T304,AA6978,1,11
2026-07-18T09:00:26.894Z,28A,0,T339/1,AA7340,0,34
2026-07-18T09:00:26.894Z,28A,0,T330/1,AA7456,0,49
2026-07-18T09:00:26.894Z,28A,0,M118,AA7645,0,43
2026-07-18T09:30:25.453Z,28A,0,M254,AA7340,0,26
2026-07-18T09:30:25.453Z,28A,0,T403,AA7456,1,47
2026-07-18T09:30:25.453Z,28A,0,T324/2,AA7645,0,31
2026-07-18T09:30:25.453Z,28A,0,T330/1,AA7549,0,43
2026-07-18T09:30:25.453Z,28A,0,M118,AA6978,1,30
2026-07-18T09:45:18.284Z,28A,0,M241,AA6978,1,15
2026-07-18T09:45:18.284Z,28A,0,T310/1,AA7340,0,22
2026-07-18T09:45:18.284Z,28A,0,T339/1,AA7456,0,5
2026-07-18T09:45:18.284Z,28A,0,T330/1,AA7645,0,21
2026-07-18T09:45:18.284Z,28A,0,M239/9,AA7549,1,
2026-07-18T10:25:13.698Z,28A,0,M172/11,AA7456,0,40
2026-07-18T10:25:13.698Z,28A,0,T320,AA7645,1,2
2026-07-18T10:25:13.698Z,28A,0,T308/1,AA7549,0,35
2026-07-18T10:25:13.698Z,28A,0,M161,AA6978,1,13
2026-07-18T10:30:23.567Z,28A,0,M254,AA7340,1,1
2026-07-18T10:30:23.567Z,28A,0,T403,AA7456,0,14
2026-07-18T10:30:23.567Z,28A,0,T324/2,AA7645,0,34
2026-07-18T10:30:23.567Z,28A,0,T330/1,AA7549,0,44
2026-07-18T10:30:23.567Z,28A,0,M239/9,AA6978,1,
2026-07-18T10:40:20.847Z,28A,0,M172/11,AA7340,0,43
2026-07-18T10:40:20.847Z,28A,0,T324/2,AA7456,0,25
2026-07-18T10:40:20.847Z,28A,0,T330/1,AA7645,0,40
2026-07-18T10:40:20.847Z,28A,0,M118,AA7549,0,4
2026-07-18T10:50:19.314Z,28A,0,M157,AA6978,0,9
2026-07-18T10:50:19.314Z,28A,0,T320,AA7340,1,2
2026-07-18T10:50:19.314Z,28A,0,T330/1,AA7456,0,22
2026-07-18T10:50:19.314Z,28A,0,M70,AA7645,1,9
2026-07-18T17:50:18.685Z,28A,0,M172/11,AA7645,0,47
2026-07-18T17:50:18.685Z,28A,0,T323,AA7549,1,17
2026-07-18T17:50:18.685Z,28A,0,T330/1,AA7340,1,9
2026-07-18T17:50:18.685Z,28A,0,M172/16,AA7630,0,11
2026-07-18T17:50:18.685Z,28A,0,M160/2,AA3053,0,21
2026-07-18T18:00:34.727Z,28A,0,M157,AA6978,0,1
2026-07-18T18:00:34.727Z,28A,0,T320,AA7645,1,10
2026-07-18T18:00:34.727Z,28A,0,T339/1,AA7549,0,15
2026-07-18T18:00:34.727Z,28A,0,M70,AA7340,1,28
2026-07-18T18:00:34.727Z,28A,0,M239/9,AA3053,1,
2026-07-18T18:00:34.727Z,28A,0,M239/9,AA7630,1,
2026-07-18T19:05:14.375Z,28A,0,M172/11,AA7645,0,47
2026-07-18T19:05:14.375Z,28A,0,T324/2,AA7549,0,48
2026-07-18T19:05:14.375Z,28A,0,M158/2,AA7340,0,12
2026-07-18T19:05:14.375Z,28A,0,M239/9,AA3053,1,
2026-07-18T19:40:18.993Z,28A,0,M239/4,AA7549,0,45
2026-07-18T19:40:18.993Z,28A,0,T403,AA6978,0,24
2026-07-18T19:40:18.993Z,28A,0,T325/1,AA3053,0,39
2026-07-18T19:40:18.993Z,28A,0,M172/16,AA7645,0,24
2026-07-18T19:45:17.117Z,28A,0,M157,AA7549,1,21
2026-07-18T19:45:17.117Z,28A,0,T320,AA6978,1,7
2026-07-18T19:45:17.117Z,28A,0,T308/1,AA3053,0,34
2026-07-18T19:45:17.117Z,28A,0,M118,AA7645,1,32
2026-07-18T21:35:14.266Z,28A,0,T310/1,AA7645,1,3
2026-07-18T21:35:14.266Z,28A,0,T330/1,AA7340,0,47
2026-07-18T21:35:14.266Z,28A,0,M239/9,AA6978,1,
2026-07-18T22:30:22.002Z,28A,0,M172/11,AA7645,0,46
2026-07-18T22:30:22.002Z,28A,0,T308/1,AA7340,1,2
2026-07-18T22:30:22.002Z,28A,0,M70,AA6978,0,5
2026-07-18T23:15:17.562Z,28A,0,T318,AA7340,1,21
2026-07-18T23:15:17.562Z,28A,0,T330/1,AA6978,0,46
2026-07-18T23:55:13.660Z,28A,0,M241,AA7340,1,23
2026-07-18T23:55:13.660Z,28A,0,T324/2,AA6978,0,20
2026-07-18T23:55:13.660Z,28A,0,M118,AA7645,1,37
2026-07-19T00:00:26.647Z,28A,0,M172/11,AA7340,0,47
2026-07-19T00:00:26.647Z,28A,0,T339/1,AA6978,0,33
2026-07-19T00:00:26.647Z,28A,0,M239/9,AA7645,1,
2026-07-19T06:30:23.468Z,28A,0,M239/4,AA7549,0,41
2026-07-19T08:30:25.709Z,28A,0,M172/11,AA7456,1,21
2026-07-19T08:30:25.709Z,28A,0,T318,AB5836,1,10
2026-07-19T08:30:25.709Z,28A,0,T311/1,AA7549,0,4
2026-07-19T08:50:19.181Z,28A,0,M71,AA6978,0,15
2026-07-19T08:50:19.181Z,28A,0,T321/2,AA7340,1,32
2026-07-19T08:50:19.181Z,28A,0,T311/1,AA7456,0,28
2026-07-19T08:50:19.181Z,28A,0,M160/2,AB5836,1,7
2026-07-19T09:50:18.557Z,28A,0,M172/11,AA6978,0,44
2026-07-19T09:50:18.557Z,28A,0,T332/1,AA7340,1,33
2026-07-19T09:50:18.557Z,28A,0,T330/1,AA7456,0,45
2026-07-19T09:50:18.557Z,28A,0,M118,AB5836,0,49
2026-07-19T10:40:21.078Z,28A,0,M172/11,AA7340,0,47
2026-07-19T10:40:21.078Z,28A,0,T332/1,AA7456,1,23
2026-07-19T10:40:21.078Z,28A,0,M160/2,AB5836,1,11
2026-07-19T10:40:21.078Z,28A,0,M239/9,AA7549,1,
2026-07-19T11:00:30.645Z,28A,0,T304,AA6978,0,6
2026-07-19T11:00:30.645Z,28A,0,T300,AA7340,1,2
2026-07-19T11:00:30.645Z,28A,0,M118,AA7456,0,22
2026-07-19T12:00:28.056Z,28A,0,M155,AA7340,0,24
2026-07-19T12:00:28.056Z,28A,0,M172/11,AA6978,0,48
2026-07-19T12:00:28.056Z,28A,0,T324/2,AA7456,0,38
2026-07-19T12:00:28.056Z,28A,0,M118,AA7549,1,10
2026-07-19T12:05:13.243Z,28A,0,M172/11,AA7340,0,44
2026-07-19T12:05:13.243Z,28A,0,T310/1,AA6978,0,25
2026-07-19T12:05:13.243Z,28A,0,T325/1,AA7456,1,28
2026-07-19T12:05:13.243Z,28A,0,M239/9,AA7549,1,
2026-07-19T12:45:17.594Z,28A,0,M157,AA7456,0,35
2026-07-19T12:45:17.594Z,28A,0,T324/2,AA7549,0,35
2026-07-19T12:45:17.594Z,28A,0,T311/1,AB5836,0,6
2026-07-19T12:45:17.594Z,28A,0,M239/9,AA7340,1,
2026-07-19T13:55:14.478Z,28A,0,T403,AA7456,1,15
2026-07-19T13:55:14.478Z,28A,0,T311/1,AA7549,0,16
2026-07-19T13:55:14.478Z,28A,0,M70,AA7340,0,28
