NETWORK_ID,ROUTE_NOS,lng,lat
2405,"1,10,17,25,27,3,3A,61,MT4",,
2427,"17,17S,17T,25B,3,30,34,3X,51A,61,AP1,MT4",,
2464,25,,
2560,25,,
2561,"17,17S,17T,25B,3,30,34,3X,51A,61,AP1,MT4",,
2602,"1,10,17,17S,17T,25,25B,27,3,30,34,3A,3X,51A,61,AP1,MT4",,
2606,"1,10,17,25,27,3,3A,61,MT4",,
2626,"17S,27,30,34,3A,51A,AP1,N1A",,
2633,25,,
2658,"1,101,16S,17,25,3,3X,5,65,9,9A",,
2660,"1,16,16S,17,26,26A,28C,3,32,33,3X,4,5,65,8,8A,9,9A,N1B,N2",,
2662,"1,16,16S,26,26A,3,33,3X,6A,N1B",,
2665,"1,101,16,16S,26,26A,3,33,3X,61,6A,71S,MT4,N1B",,
2666,"1,101,16,16S,26,26A,3,33,3X,61,6A,71S,MT4,N1B",,
2730,"10,102,10B,12,17S,1A,28A,28B,29,3,32,3A,56,60,AP1,N1A",,
2739,"10,10B,25B,28A,28B,28C,29,3,32,5,6A,6B,H3",,
2744,"10,18,18A,18B,19,2,22,25,25B,3,4,5,6A,7",,
2747,"10,101,101XS,11,18,18A,18B,19,2,21A,21AT,26A,3,33,3A,3X,4,5,6A,8A,N1A,N3",,
2774,"1,101,1A,26,26A,28B,32,33,4,7,8,8A,9,9A,H2,N1A,N2",,
2785,"1,10,101,101XS,17T,18,25,27,29,3,30,34,5,65,9,9A,N1A",,
2850,"1,16,16S,26,26A,3,33,3X,6A,N1B",,
2873,"10,10B,1A,28A,28B,28C,29,3,32",,
2876,"10,10B,1A,23,28A,28B,28C,29,3,32",,
2902,"1,101,17,25,28C,3,3X,9A",,
2907,"10,102,10B,12,22,23,25,25AX,25B,28A,29,2AS,3,32,39,3A,3AX,3BX,50,50B,5X,65,6B,7,73,8,H1,H3,MT1,MT2,MT5,N1B,N2",,
2913,"10,101XS,102,10B,1A,25AX,28A,28B,29,2AS,3,32,3A,3BX,56,73,AP1,N1A",,
2915,"17S,27,30,34,3A,51A,AP1,N1A",,
2919,"10B,12,18,18B,19,2,22,30,34,3A,6A,7,N1A",,
2922,"103,10B,17S,18,18A,18B,27,2A,2AS,3A,51A,73,AP1,N1A",,
2925,"103,10B,17S,18,18A,18B,27,2A,2AS,3A,51A,73,AP1,N1A",,
2931,"10,102,10B,1A,2,28B,29,3A,6A,H2",,
2978,"12,17,17T,18,18A,18B,19,2,22,23,25,25B,2A,32,4,56,6A,H2",,
2986,"12,18,18A,18B,19,2,22,25,25B,2A,4,7,8,8A,9,9A,H1,H2",,
3022,"18,18A,18B,19,2,22,25,25B,4,7",,
3028,"10,101,101XS,11,18,18A,18B,19,2,21A,21AT,26A,3,33,3A,3X,4,5,6A,8A,N1A,N3",,
3862,"1,10,11,18,18B,2,21A,21AT,26,26AT,5,55,60,61,65,6B,71S,9,MT4,N3",,
3055,"18,28B",,
4000,"12,16,16S,2,22,25,25B,28C,2A,5,9,9A,N2",,
4005,"1,10,11,16S,18,2,21A,26,28B,5,55,60,61,65,6B,71S,MT4,N3",,
4008,"102,11,21A,22,25,25AX,25B,26A,28A,33,35,36,37,39,50,50B,72,MT1,MT4,MT5,N3,N5,N6",,
4051,"11,39",,
4267,"30,30X,34,51B,56,AP1,MT3,N2,N5",,
4291,MT5,,
4295,"30,30X,34,51B,56,AP1,MT3,N2,N5",,
4296,"30,30X,34,51B,56,AP1,MT3,N2,N5",,
4297,"11,39",,
4301,"11,39",,
4309,"30,30X,34,51B,56,AP1,MT3,N2,N5",,
4310,"30,30X,34,51B,56,AP1,MT3,N2,N5",,
4317,"102,11,21A,22,25,25AX,25B,26A,28A,33,35,36,37,39,50,50B,72,MT1,MT4,MT5,N3,N5,N6",,
4353,"10,101,11,18,2,21A,21AT,26A,26AT,3,33,3A,3X,5,6A,N1B,N3",,
4372,"12,17,18,18B,22,23,25,25B,28C,56,5X",,
4373,"12,17,18,18B,22,23,25,25B,28C,56,5X",,
4375,"2,2A,6A",,
4379,"103,10B,17,17S,18,18A,18B,2A,30,30X,3A,51A,N1B",,
4380,"17S,18A,2A,30X,3A",,
4351,18,,
4355,18,,
4405,18,,
4476,"1,10,11,16,16S,2,21A,26,3A,5,61,71S,MT4,N3",,
4478,"1,10,11,16,16S,2,21A,26,5,55,60,61,65,6B,71S,MT4,N3",,
4485,"1,10,11,16S,2,21A,26,5,55,60,61,65,6B,71S,MT4,N3",,
4487,"1,10,11,16S,18,2,21A,26,28B,5,55,60,61,65,6B,71S,MT4,N3",,
4488,"18,28B",,
4489,"1,18B,26,61,71S,MT4",,
4491,"1,101,101XS,18A,18B,19,26,26A,3,33,3X,4,61,6A,71S,8A,MT4,N1A",,
4500,"1A,32,33,4",,
4505,"1,101,1A,26,26A,28B,32,33,4,7,8,8A,9,9A,H2,N1A,N2",,
4509,"1,101,1A,26,26A,28B,32,33,4,7,8,8A,9,9A,H2,N1A,N2",,
4520,"10,102,10B,1A,2,28B,29,3A,6A,H2",,
4528,"10,102,10B,12,17S,1A,28A,28B,29,3,32,3A,56,60,AP1,N1A",,
4530,"1A,23",,
4565,"10,10B,1A,28A,28B,28C,29,3,32",,
4574,"18,18B,2,2A,6A,H2",,
4571,"10,102,10B,17,17S,1A,28B,29",,
4595,"10,12,19,1A,2,22,28B,28C,29,34,6A,8,H2",,
4603,"10,18,1A,27,28B,29,34,8,H2,N1B",,
4606,"1,10,101,16S,17,18,1A,25,27,28B,29,3,34,3X,5,65,8,9,9A,H2,N1B",,
4611,"1,23,25B,33,5X,N1B",,
4659,"12,18,18A,18B,19,2,22,25,25B,2A,4,7,8,8A,9,9A,H2",,
4672,"12,18,18A,18B,19,2,22,25,25B,2A,4,7,8,8A,9,9A,H1,H2",,
4684,"12,16,16S,2,22,25,25B,2A,5,7,8,9,9A,N2",,
4731,"12,19,2,6A",,
4734,"10B,12,18,18B,19,2,22,30,34,3A,6A,7,N1A",,
4732,"10B,12,19,2,22,30,34,6A",,
4736,"10B,12,19,2,22,30,34,6A",,
4742,"10B,18B,30",,
4743,"10B,12,18,18B,19,2,22,30,34,6A,7",,
4748,"10,1A,28B,29,H2",,
4750,"10B,12,18,19,2,22,30,34,6A,7",,
4757,"1,10,11,16,16S,2,21A,26,3A,5,61,71S,MT4,N3",,
4758,"1,16,16S,26,61,71S,MT4",,
4760,"101,101XS,18A,19,26A,3,33,3X,4,6A,8A,N1A",,
4755,"10,11,2,21A,3A,5,N3",,
4765,"10,101,11,2,21A,21AT,26A,26AT,3,33,3A,3X,5,6A,N1B,N3",,
4773,"12,2A,7",,
4777,"10,12,19,1A,2,22,28B,28C,29,34,6A,8,H2",,
4795,"103,10B,12,18B,19,2,28C,30,6A",,
4796,"10B,18B",,
4798,"103,12,17S,19,2,27,28C,30,51A,6A,AP1",,
4800,"18,18B,3A,7,N1A",,
4815,"17,19,28C,30,51A,6A",,
4809,"19,28C,30,6A",,
4817,"12,17S,3A,3AX,60",,
4819,"10,101XS,102,10B,1A,25AX,28A,28B,29,2AS,3,32,3A,3BX,56,73,AP1,N1A",,
4824,"12,17S,3A,60,8",,
4833,"17S,1A,39",,
4842,"12,17S,1A,23,39,3A,3AX,50,5X,60,8,MT5",,
4849,"12,17S,1A,23,39,3A,3AX,50,5X,60,8,MT5",,
4870,"1,10,11,16,16S,2,21A,26,3A,5,61,71S,MT4,N3",,
4872,3A,,
4895,"102,12,23,25AX,29,2AS,39,3A,3BX,50B,65,7,73,8,MT1,MT2,MT5,N1B",,
4905,"101XS,102,12,23,25AX,29,2AS,39,3A,3AX,3BX,50,50B,5X,60,65,7,73,8,MT1,MT2,MT5",,
4901,"12,39,3A,3AX,50,5X,60,8,MT5",,
4938,"12,3A,56,60",,
4943,"12,3A,56,60",,
4958,"3A,56,AP1",,
4961,"12,17,17S,3A,3AX,60,8",,
4962,"12,17,17S,3A,3AX,56,60,8,AP1",,
4969,"10,1A,28B,56",,
4994,"17,19,28C,30,51A,6A",,
5011,"101XS,17T,25,26A,3,33,5",,
5013,"101XS,17T,25,26A,3,33,5",,
5017,"1,10,101,101XS,17T,18,25,27,29,3,30,34,5,65,9,9A,N1A",,
5021,"16S,17,25,3,3X,5,65,9,9A",,
5023,"26,26A,32,33,4,8,8A,N2",,
5026,"1,16,16S,17,26,26A,28C,3,32,33,3X,4,5,65,8,8A,9,9A,N1B,N2",,
5031,"12,17,17T,18,18A,18B,19,2,22,23,25,25B,2A,32,4,56,6A,H2",,
5037,"1,101,1A,27,28B,8,H2,N1B",,
5040,"101XS,17T,25,26A,3,33,5",,
5041,"101XS,17T,25,3,5",,
5035,"26A,33",,
5044,"16,16S,17,26,26A,28C,3,32,33,3X,4,5,65,8,8A,9,9A,N2",,
5051,"12,17,22,23,25,25B,56",,
5062,"18,18B,2,2A,5X,6A",,
5079,"10,10B,28A,28B,28C,29,3,32,5,56,H3",,
5080,"10,10B,28A,28B,28C,29,3,32",,
5084,"10,10B,1A,28A,28B,29,3,32",,
5086,"23,28C,56,5X,65,H3,N2",,
5108,"23,28C",,
5119,"23,28C",,
5120,"23,28C",,
5126,"23,25,25B,32,5,5X,6A,9,9A,N2",,
5168,"10,18,18A,18B,19,2,22,25,25B,3,4,5,6A,7",,
5162,"22,25,25B,7",,
5172,"12,22,23,25,25B,28C,32,5,6A,9,9A,N2",,
5174,"12,17,17T,18,18A,18B,19,2,22,23,25,25B,2A,32,4,56,6A,H2",,
5171,"12,22,23,25,25B,28C,5,9,9A,N2",,
5169,"32,6A",,
5192,"1,16,16S,26,26A,3,33,3X,6A,N1B",,
5195,"25,25B,5,9,9A",,
5196,"23,25,25B,32,5,5X,6A,9,9A,N2",,
5190,6A,,
5199,"12,28B,2A,6A,8,8A,9,9A,H1,H2",,
5202,"16,16S,2,5",,
5197,"28B,6A",,
5207,"12,28B,2A,6A,8,8A,9,9A,H1,H2",,
5217,"28C,H1",,
5225,"17,28C,6A",,
5226,"17,6A,6B",,
5232,"1,101XS,17T,26A,3,33,N1A",,
5233,"1,101XS,17T,26,26A,3,33,6A,8A,N1A",,
5234,"28C,32,5,65,6A,8,9,9A,N2",,
5238,"16,16S,2,2A",,
5239,"16,16S,2,2A,6A",,
5243,"17S,27,30,34,3A,51A,AP1,N1A",,
5244,"17S,27,30,34,3A,51A,AP1,N1A",,
5246,"10B,18B",,
5250,"17S,27,30,34,3A,51A,AP1,N1A",,
5251,"17S,27,30,34,3A,51A,AP1,N1A",,
5279,"103,17S,18,18B,19,27,28C,30,3A,51A,6A,7,AP1,N1A",,
5312,"1,10,11,16,16S,2,21A,26,5,61,71S,MT4,N3",,
5316,"55,60,65,6B",,
5328,"16,16S,18,23,28B,32,6B,9,9A,N2",,
5323,"16S,28B,6B",,
5324,"16S,28B,6B",,
5326,"16,16S,28B,6B,9",,
5332,"16,16S,18,23,28B,32,6B,9,9A,N2",,
5388,"2A,6B",,
5507,"10,102,10B,12,22,23,25,25AX,25B,28A,29,2AS,3,32,39,3A,3AX,3BX,50,50B,5X,65,6B,7,73,8,H1,H3,MT1,MT2,MT5,N1B,N2",,
5510,"6B,H1",,
5524,"6B,H1",,
5531,"10,102,10B,12,22,23,25,25AX,25B,28A,29,2AS,3,32,39,3A,3AX,3BX,50,50B,5X,65,7,73,8,MT1,MT2,MT5,N1B,N2",,
5532,"10,102,10B,12,22,23,25,25AX,25B,28A,28B,28C,29,2AS,3,32,39,3A,3AX,3BX,50,50B,5X,65,7,73,8,MT1,MT2,MT5,N1B,N2",,
5549,"10,10B,25B,28A,28B,28C,29,3,32,5,6A,6B,H3",,
5552,"10,10B,22,25,25B,28A,28B,28C,29,3,32,3AX,50,5X,8,N2",,
5553,"10,10B,25B,28A,28B,28C,29,3,32,3AX,50,5X",,
5547,"22,25,8,N2",,
5571,"1,10,11,18,18B,2,21A,21AT,26,26AT,5,55,60,61,65,6B,71S,9,MT4,N3",,
5575,"10B,12,18,18B,19,2,22,30,34,3A,6A,7,N1A",,
5591,"12,19,2,22,30,34,6A,7",,
5592,"2,30,34,6A",,
5594,"12,19,22,7",,
5596,"10,12,19,1A,2,22,28B,29,34,6A,7,H2",,
5618,"23,25,25B,32,5,5X,6A,9,9A,N2",,
5619,"23,25,25B,32,5,5X,6A,9,9A,N2",,
5630,"7,8",,
5631,"7,8",,
5633,"7,8",,
5647,"17T,7,8",,
5652,"17,18,18B,19,7",,
5655,"17,18,18B,19,7",,
5653,"17,18B,19,7",,
5660,"101XS,17T,25,26A,3,33,5",,
5664,"18A,2A",,
5669,"10,1A,2,28B,29,34,6A,H2",,
5674,"10,1A,2,27,28B,29,34,6A,H2,MT3",,
5683,"10,101,101XS,11,18,18A,18B,19,2,21A,21AT,26A,3,33,3A,3X,4,5,6A,8A,N1A,N3",,
5680,"10,18,18A,18B,19,2,3,4,5,6A",,
5690,"10,1A,28B,29,H2",,
5696,"12,19,2,22,28C,34,6A",,
5701,"17S,18A,27,2A,30X,3A,7",,
5698,"27,7",,
5728,"101,23,26,26A,28B,5X,8,8A,H2,N1A,N1B,N2",,
5730,"101,1A,23,26,26A,28B,32,33,4,5X,8,8A,H2,N1A,N1B,N2",,
5731,"1A,32,33,4",,
5737,"17,17T,4,8A",,
5741,"12,3A,56,60",,
5742,"12,3A,56,60,8",,
5743,"10B,28C,29,8",,
5752,"12,17S,3A,3AX,60",,
5756,"23,28C,5X,65,8,H3,N2",,
5767,"101XS,102,12,23,25AX,29,2AS,39,3A,3AX,3BX,50,50B,5X,65,7,73,8,MT1,MT2,MT5,N1A,N2",,
5770,"10,102,10B,12,22,23,25,25AX,25B,28A,29,2AS,3,32,39,3A,3AX,3BX,50,50B,5X,65,6B,7,73,8,H1,H3,MT1,MT2,MT5,N1B,N2",,
5775,"101XS,102,12,23,25AX,29,2AS,39,3A,3AX,3BX,50,50B,7,73,MT1,MT2,MT5,N1A,N2",,
5777,"5X,65,8",,
5784,"10,3,5,6A",,
5782,"22,25,25B,8,9,9A,N2",,
5788,7,,
5789,"7,8",,
5791,"18A,8",,
5793,18,,
5794,"18,18A,8",,
5801,"10,1A,2,28B,29,34,6A,H2",,
5799,"12,18A,19,22,8",,
5816,"1,101,1A,26A,27,28B,33,8,H2,N1B",,
5832,"17,17T,19,4,8A",,
5833,"17T,19,4",,
5830,"17,8A",,
5838,"12,17T,18,18A,18B,19,2,22,25,25B,2A,4,9,9A,H2",,
5839,"12,17T,18,18A,18B,19,2,22,25,25B,2A,4,8A,9,9A,H2",,
5835,8A,,
5836,8A,,
5851,"1,101,101XS,26A,3,33,3X,4,61,6A,71S,MT4,N1A",,
5848,"18A,18B,19,26,8A",,
5852,"18A,18B,19,26,8A",,
5854,18,,
5858,8,,
5859,"17T,18A,26,8,8A",,
5861,"17,18,18B,19",,
5862,"17,17T,18,18A,18B,19,26,8A",,
5856,"17T,18A,26,8A",,
5867,"16,28C",,
5873,"16S,17,25,26,26A,3,32,33,3X,4,5,65,8,8A,9,9A,N2",,
5874,"16,16S,17,25,26,26A,28C,3,32,33,3X,4,5,65,8,8A,9,9A,N2",,
5871,"16,28C",,
5877,6A,,
5878,"28C,32,5,65,6A,8,9,9A,N2",,
5880,"1,16,16S,26,26A,3,33,3X,N1B",,
5875,"28C,32,5,65,8,9,9A,N2",,
5884,"12,17,17T,18,18A,18B,19,2,22,23,25,25B,2A,4,56,H2",,
5887,6A,,
5888,"28C,32,5,65,6A,9,9A,N2",,
5882,"28C,9,9A",,
5913,"18,23,32,9A,N2",,
5918,9,,
5920,9,,
5921,9,,
5927,"26,60,65",,
5931,"18B,21AT,26,60,65,6B,N2",,
6009,"18,23,32,60,65,9A",,
6012,"1,10,11,18,18B,2,21A,21AT,26,26AT,5,55,60,61,65,71S,MT4,N3",,
6021,"16,18,28B,9",,
6030,"18,28B",,
6031,"16,18,28B,9",,
6033,"16,9",,
6034,"16,9",,
6035,"16,9",,
6038,"16,16S,28B,6B,9",,
6039,"16S,28B,6B",,
6036,"16,9",,
6040,"9,9A",,
6048,"10,10B,22,25,25B,28B,3,5,6A,8,9,9A,N2",,
6053,"9,9A",,
6045,"9,9A",,
6057,"10,10B,22,25,25B,28B,3,5,6A,8,N2",,
6061,"1A,28B,7,H2",,
6067,"1,101,1A,28B,7,9,9A,H2,N1A",,
6068,"1,10,101,18,1A,28B,29,34,7,9,9A,H2,N1A",,
6065,"10,18,29,34",,
6089,"1A,23",,
6092,"1A,23",,
6095,"10,10B,1A,28A,28B,28C,29,3,32",,
6090,"3AX,50",,
6099,"17,17S,3AX,60",,
6105,"12,17,17S,3A,3AX,60,8",,
6103,"17,17S,3AX,60",,
6118,"12,19,2,22,30,34,6A,7",,
6122,"10B,17,18,18B,27,30,51A,7",,
6120,"10B,27",,
6126,"103,10B,17S,18,18B,27,2AS,3A,51A,7,73,AP1,N1A",,
6127,"103,17S,18,18B,27,3A,51A,7,AP1,N1A",,
6129,"10B,17,27,51A",,
6130,"17,51A",,
6124,"10B,27",,
6165,"102,11,21A,22,25,25AX,25B,26A,28A,33,35,37,39,50,50B,72,H3,MT1,MT5,N2,N3",,
6166,"102,21A,22,25,25AX,25B,26A,28A,33,35,50,50B,72,H3,MT1,N2,N3",,
6188,"35,MT5",,
6192,"102,21A,22,25,25AX,25B,26A,28A,33,35,50,50B,72,H3,MT1,N2,N3",,
6246,"11,15,22,28A,30,33,34",,
6247,"11,15,22,28A,30,33,34",,
6249,"11,15,22,28A,30,33,34",,
6252,"102,11,15,22,25B,26,26A,28A,30,33,34,35,37,72,MT1,MT3",,
6261,"H3,MT4,MT5,N5,N6",,
6263,"102,11,15,22,25B,26,26A,28A,30,30X,33,34,37,72,MT1,MT3,N2",,
6264,"102,11,15,22,25B,26,26A,28A,30,30X,33,34,37,72,MT1,MT3,N2",,
6267,"102,11,15,22,25B,26,26A,28A,30,30X,33,34,37,72,MT1,MT3,N2",,
6271,"102,21A,22,25,25AX,25B,26A,28A,33,36,50,50B,MT1,MT4,MT5,N2,N3,N5,N6",,
6340,"11,37",,
6338,"11,37,39,72",,
6344,"102,11,21A,22,25,25AX,25B,26A,28A,33,35,37,39,50,50B,72,H3,MT1,MT5,N2,N3",,
6379,"101XS,12,23,25AX,28A,29,2A,2AS,32,39,3A,3AX,3BX,3X,50,50B,6B,7,73,9,9A,MT1,MT2,MT5,N1A,N2",,
6393,"12,17,18,18B,22,23,25,25B,28C,56,5X",,
6395,"12,19,22,7",,
6390,"12,22",,
6398,"18,28C,56",,
6402,"12,18,18A,22,28C,56,8",,
6419,"11,15,26,34,36,71,MT2,MT4,N5",,
6425,"11,15,22,26,28A,30,30X,33,34,37,MT2,MT4,MT5,N5",,
6420,"11,15,22,26,28A,30,30X,33,34,37,MT2,MT4,MT5,N5",,
6484,"15,21A,25,25AX,25B,25BS,26,26A,26AT,51B,56,MT4,N3",,
6506,"15,21A,25,25AX,26A,26AT,51,51A,51B,56,59,H3,MT4,N3,N5",,
6527,25AX,,
6531,25AX,,
6536,"21A,25,26,26A,50,59,N3",,
6535,"21A,25,26,26A,50,59,N3",,
6558,"15T,21A",,
6559,"15T,21A",,
6569,"15T,21A",,
6574,"1,10,101,10B,17,17S,18,18B,25,27,28C,29,3,30,34,3A,3X,51A,9A,AP1,N1A",,
6575,"1,101,16,16S,26,26A,3,33,3X,61,6A,71S,MT4,N1B",,
6579,"10,11,18,2,21A,21AT,26AT,3A,5,N3",,
6576,"101,26A,3,33,3X,6A,N1B",,
6580,"10,101,11,18,2,21A,21AT,26A,26AT,3,33,3A,3X,5,6A,N1B,N3",,
6586,"12,2A,8,8A,9,9A,H1,H2",,
6587,"12,18,18A,18B,19,2,22,25,25B,2A,4,7,8,8A,9,9A,H1,H2",,
6597,"15T,21A",,
6638,"15T,21A,26A,N3",,
6687,"21A,25,26,26A,50,59,N3",,
6712,"26,35,36,37,72,MT5,N2,N5",,
6718,"26,36,MT5,N2",,
6719,MT5,,
6734,"101,1A,32,3X,51A,5X,H2,MT4,N1B,N2",,
6737,"101,1A,23,26A,27,N1B",,
6750,"26,36,51B",,
6754,"22,28A,33,3A,8A,H1",,
6756,"23,29,32,3BX,3X,9,9A,N1B,N2",,
6751,29,,
6760,"1A,32,33,4",,
6761,33,,
6765,9,,
6767,"1,10,101,101XS,17T,18,25,25B,27,29,3,30,34,9A,AP1,N1A",,
6768,"1,10,101,101XS,16,16S,17T,18,25,25B,27,29,3,30,34,65,9,9A,AP1,N1A",,
6772,"35,N2,N3",,
6774,"35,36",,
6775,"35,36,N2,N3",,
6776,"35,N2,N3",,
6789,"102,52,55,71,73,H3",,
6799,"21AT,25B,26A,26AT,35,71S,72,MT1,MT3",,
6802,"21AT,25B,25BS,26A,26AT,30X,35,72,MT1,MT3",,
6803,"21AT,25B,26A,26AT,30X,35,72,MT1,MT3",,
6797,25BS,,
6807,"39,72",,
6810,"11,37,39,72",,
6811,"11,37",,
6808,"39,72",,
6815,"21AT,25B,25BS,26A,26AT,30X,35,51A,701X,MT1,MT3",,
6819,"102,52,55,71,71S,72,73,H3",,
6820,"102,52,55,71,73,H3",,
6821,"701X,71,71S,72,73,N6",,
6823,N6,,
6826,"71,71S,72,73,N6",,
6830,"11,25,25AX,25B,MT1,MT2",,
6837,N5,,
6841,"35,50,50B,N5",,
6839,"50,N5",,
6844,50,,
6845,50,,
6856,"35,50,50B,701X,N5",,
6857,"35,50B",,
6854,"50,701X,N5",,
6860,"15T,52,55",,
6863,"21A,25,26,26A,50,59,N3",,
6867,"15T,52,55",,
6870,"21A,25,26,26A,50,59,N3",,
6871,"21A,25,26,26A,50,59,N3",,
6877,"26,N2",,
6881,"26,MT4,N2,N3",,
6882,"26,26AT,55,71S,MT4,N2,N3",,
6884,"21AT,71,73",,
6879,"26AT,55,71S",,
6886,9,,
6888,6B,,
6892,"6B,9",,
6895,"26,N2",,
6896,"26,55,71S,MT4,N2,N3",,
6902,"21AT,26AT,52,73",,
6905,"26,55,71S,MT4,N2,N3",,
6906,"26,MT4,N2,N3",,
6900,"55,71S",,
6907,"30X,37,H3,MT2,MT4,MT5,N5,N6",,
6913,"11,30,36,39",,
6914,"11,30,36,37,39,H3,MT4,MT5,N5,N6",,
6917,"52,55,71,71S,73",,
6922,"101XS,17S,25AX,2AS,3AX,3BX,73,AP1,N1A",,
6932,"30,30X,34,51,51A,56,59,AP1,MT3",,
6934,"10,102,10B,17,17S,1A,25AX,28B,29,2AS,3A,3AX,3BX,56,73,AP1,N1B",,
6935,"10,102,10B,17,17S,1A,25AX,28B,29,2AS,3A,3AX,3BX,73,AP1,N1B",,
6929,"56,AP1",,
6950,"30,30X,34,51,51A,56,59,AP1,MT3",,
6944,"56,AP1",,
6953,"102,30,34,MT3",,
6954,"102,25AX,30,34,3AX,3BX,AP1,MT3",,
6956,"103,30,30X,3A,N1B",,
6951,"25AX,3AX,3BX,AP1",,
6964,"17,28C,6A,6B",,
6958,H1,,
6972,"25AX,MT1,MT2",,
6969,"39,50,50B,52,6B,71,73,MT5,N2,N3,N5",,
6975,"12,23,29,39,3A,3AX,50,50B,60,65,7,8,MT1,MT2,MT5",,
6983,"102,10B,17,17S,18,18A,18B,2A,30,34,MT3",,
6986,"27,MT3",,
6987,"27,MT3",,
6991,"21AT,25B,25BS,26A,26AT,30X,35,51A,701X,MT1",,
6992,"21AT,25B,25BS,26A,26AT,30X,35,51A,701X,MT1,MT3",,
6994,"25B,25BS,26A,26AT,35,51A,MT1",,
6995,"25B,25BS,26A,26AT,35,51A,MT1,MT3",,
7007,MT3,,
7004,"2AS,73",,
7011,"17,17S,3A,3AX,AP1",,
7012,"102,17,17S,25AX,2AS,3A,3AX,3BX,73,AP1,N1B",,
7009,"102,25AX,2AS,3BX,73,N1B",,
7015,"34,51,51A,59,MT3",,
7018,"25AX,3A,3AX,3BX,AP1,N1B",,
7019,"25AX,2AS,3A,3AX,3BX,73,AP1,N1B",,
7013,"2AS,73",,
7023,"10,101XS,102,10B,12,17S,1A,25AX,28A,28B,29,2AS,3,32,3A,3AX,3BX,56,60,73,AP1,N1A",,
7025,"10,102,10B,17S,1A,28B,29,3A,AP1,N1A",,
7026,"10,101XS,102,10B,17S,1A,25AX,28B,29,2AS,3A,3AX,3BX,73,AP1,N1A",,
6544,"21A,26A,N3",,
7080,"21A,25,26,26A,50,N3",,
7085,"21A,25,26,26A,50,59,N3",,
7092,"21A,25,26,26A,50,59,N3",,
7093,"21A,25,26,26A,50,N3",,
7087,59,,
7097,"21A,25,26,26A,50,59,N3",,
7133,52,,
7146,"52,55",,
7147,"21A,25,25AX,26,26A,26AT,50,51,51A,56,59,H3,N3,N5",,
7144,"52,55",,
7150,"102,15,21A,25,25AX,25B,25BS,26,26A,26AT,50,51,51A,51B,56,59,701X,H3,MT4,N3,N5,N6",,
7151,"102,15,21A,25,25B,25BS,26,26A,50,701X,H3,MT4,N3,N6",,
7154,"102,15,21A,25,25AX,25B,25BS,26,26A,26AT,50,51,51A,51B,56,59,701X,H3,MT4,N3,N5,N6",,
7152,"25B,50,51,59,H3,MT4,N5",,
7158,"102,15,21A,25,25AX,25BS,26,26A,26AT,50,51,51A,51B,56,59,701X,H3,MT4,N3,N5,N6",,
7159,"102,15,21A,25,25AX,25BS,26,26A,26AT,50,51A,51B,56,701X,H3,MT4,N3,N5,N6",,
7156,"51,59,H3",,
7162,"102,15,21A,21AT,25,25AX,25B,25BS,26,26A,26AT,50,51,51A,51B,56,59,701X,H3,MT4,N3,N5,N6",,
7163,"102,15,21A,25,26,26A,50,51,59,H3,N3,N5",,
7167,"30X,35,36,50,50B,51A,701X,AP1,MT1,N2,N5,N6",,
7169,"35,50,50B,701X",,
7172,"15,21A,25,25AX,25B,25BS,26,26A,26AT,30X,36,51A,51B,56,AP1,MT1,MT4,N2,N3,N5,N6",,
7170,"50,N6",,
7178,"15,21A,25,25AX,26,36,50,50B,51B,56,AP1,MT4,N2,N3,N5,N6",,
7182,"25B,25BS,26,26A,26AT,35,51A,MT1",,
7185,"15,21A,25,25AX,25B,25BS,26,26A,26AT,30X,36,50,51A,51B,56,AP1,MT1,MT4,N2,N3,N5,N6",,
7186,"15,21A,25,25AX,25B,25BS,26A,26AT,30X,50,56,MT4,N3,N6",,
7195,"11,39",,
7202,"11,15,26,30,30X,34,36,37,51B,56,72,AP1,MT3,N2,N5",,
7200,"102,11,21A,22,25,25AX,25B,26A,28A,33,35,36,37,39,50,50B,72,MT1,MT4,MT5,N3,N5,N6",,
7213,"102,11,15,21A,22,25,25AX,25B,26A,28A,33,37,50,50B,72,MT1,MT4,N3,N6",,
7223,"102,11,15,21A,22,25,25AX,25B,26,26A,28A,30,30X,33,34,35,36,37,50,50B,56,72,MT1,MT3,MT4,MT5,N2,N3,N5,N6",,
7242,"102,11,22,25B,26,26A,28A,30,33,34,35,36,37,72,MT1,MT3,MT5,N2,N5",,
7239,"15,21A,25,25AX,36,50,50B,51B,56,AP1,MT4,N2,N3,N5,N6",,
7244,"21A,25,25AX,36,50,50B,51B,56,AP1,MT4,MT5,N2,N3,N5,N6",,
7247,"102,11,15,22,25B,26,26A,28A,30,33,34,35,37,72,MT1,MT3",,
7248,"11,15,22,28A,30,33,34",,
7245,"102,25B,26,26A,35,37,72,MT1,MT3",,
7249,"102,11,15,21A,22,25,25AX,25B,26,26A,28A,30,30X,33,34,35,36,37,39,50,50B,51B,56,72,AP1,MT1,MT3,MT4,MT5,N2,N3,N5,N6",,
7250,"102,21A,22,25,25AX,25B,26A,28A,33,36,50,50B,MT1,MT4,MT5,N2,N3,N5,N6",,
7252,"102,21A,22,25,25AX,25B,26A,28A,33,36,50,50B,MT1,MT4,MT5,N2,N3,N5,N6",,
7268,"102,11,21A,22,25,25AX,25B,26A,28A,33,35,36,37,39,50,50B,72,MT1,MT4,MT5,N3,N5,N6",,
7272,"H3,N2",,
7269,"102,21A,22,25,25AX,25B,26A,28A,33,36,50,50B,MT1,MT4,MT5,N2,N3,N5,N6",,
7282,"102,11,21A,22,25,25AX,25B,26A,28A,33,35,36,37,39,50,50B,72,H3,MT1,MT4,MT5,N2,N3,N5,N6",,
7280,"102,21A,22,25,25AX,25B,26A,28A,33,35,50,50B,72,H3,MT1,N2,N3",,
7286,"11,36,37,39,MT4,MT5,N5,N6",,
7292,"102,11,21A,22,25,25AX,25B,26A,28A,33,39,50,50B,H3,MT1,N2,N3",,
7299,"102,21A,22,25,25AX,25B,26A,28A,33,35,39,50,50B,H3,MT1,MT5,N2,N3",,
7297,"102,21A,22,25,25AX,25B,26A,28A,33,35,39,50,50B,H3,MT1,MT5,N2,N3",,
7320,"102,11,21A,21AT,22,25,25AX,25B,26A,28A,33,39,50,50B,52,71,73,H3,MT1,MT2,MT5,N5",,
7321,"35,36,N2,N3",,
7326,"21AT,35,36,52,71,73,MT2,N2,N3,N5",,
7327,"21AT,52,71,73,MT2,N5",,
7328,"102,11,21A,22,25,25AX,25B,26A,28A,33,39,50,50B,H3,MT1,MT5",,
7346,"11,21AT,26AT,52,71,73,MT2,N5",,
7355,"102,21A,22,25,25AX,25B,26A,28A,33,39,50,50B,H3,MT1,MT5",,
7358,"15,34,35",,
7363,"15,21A,25,25AX,30X,50,50B,56,MT4,N2,N3,N5,N6",,
6431,"15,21A,25,25AX,30X,50,50B,56,MT4,N2,N3,N5,N6",,
6477,"15,21A,25,25AX,30X,50,50B,56,MT4,N2,N3,N5,N6",,
7365,"15T,52,55",,
7369,55,,
7370,"15T,52",,
7373,"21A,25,26,26A,50,59,N3",,
7377,"102,11,25B,26A,30X,35,37,72,H3,MT1,MT3,MT5,N6",,
7386,71,,
7391,"15,26,34,35,36,52,MT2,MT4,N5",,
7402,"16,9",,
7428,"2,5,6A",,
7431,"10,101,101XS,11,18A,19,2,21A,26A,3,33,3A,3X,4,5,6A,8A,N1A,N3",,
7432,"10,101,101XS,11,18A,19,2,21A,26A,3,33,3A,3X,4,5,6A,8A,N1A,N3",,
7434,"16,16S,28B",,
7435,"16,16S,28B",,
7436,"16,16S,2,28B,5,6A",,
7439,"12,17,18,18A,18B,2,22,23,25,25B,2A,32,56,6A,H2",,
7440,"12,17,18,18A,18B,2,22,23,25,25B,2A,32,56,65,6A,H2",,
7443,65,,
7444,"16,16S,65",,
7446,"16,16S,2,2A,6A",,
7447,"2,2A,6A",,
7441,"16,16S",,
7448,"16,16S,65",,
7450,"16,16S,65,7",,
7454,"1,7,9,9A",,
7455,"1,16,16S,23,25B,65,7,9,9A,N1A",,
7460,"18,18A,18B,19,26,8A",,
7462,"17,18B,19",,
7464,7,,
7468,"17,18B,19,23,25,25B,5X",,
7469,"23,25,25B,5X",,
7466,"17,18B,19",,
7472,"12,17,17T,18,18A,18B,19,2,22,23,25,25B,28C,2A,4,56,9,9A,H2",,
7474,"17,28C",,
7475,"17,28C",,
7477,"17,28C,6A,H1",,
7478,"28C,6A,H1",,
7481,"12,18,18A,18B,19,2,22,25,25B,2A,4,7,8,8A,9,9A,H2",,
7479,"28C,H1",,
7493,"6B,H1,H3",,
7499,"17,6A,6B",,
7502,"28B,28C,29",,
7504,28C,,
7505,"28B,28C,29",,
7515,17,,
7519,"10,102,10B,17,17S,1A,28B,29",,
7520,17,,
7522,"17,8A",,
7523,8A,,
7524,17,,
7527,"17T,7,8",,
7525,17,,
7531,"17,17T,7,8",,
7532,"7,8",,
7540,"102,10B,17,17S,18,18B,2A",,
7543,"10,1A,2,28B,29,6A,H2",,
7538,"18A,30,34",,
7547,"17,17T,4,8A",,
7548,"17,17T,19,4,8A",,
7545,19,,
7554,"28C,32,5,65,6A,8,9,9A,N2",,
7557,"17,18B,19,7",,
7559,"17,18B,19,7",,
7562,"12,18,18A,22,28C,56,8",,
7563,"18,18A,8",,
7565,"28C,32,5,65,6A,9,9A,N2",,
7352,"102,11,21A,21AT,22,25,25AX,25B,26A,26AT,28A,33,39,50,50B,52,71,73,H3,MT1,MT2,MT5,N5",,
6554,"21A,26A,N3",,
6553,"21A,26A,N3",,
6652,"21A,26A,N3",,
6653,"21A,26A,N3",,
6552,"21A,26A,N3",,
6654,"21A,26A,N3",,
6655,"21A,26A,N3",,
6550,"21A,26A,N3",,
7057,"21A,26A,N3",,
7073,"21A,25,26,26A,50,N3",,
7090,"21A,25,26,26A,50,N3",,
7610,17,,
7604,"6A,6B",,
7624,"52,55",,
7633,"102,52,55,71,71S,72,73,H3",,
7663,"23,32,6B,9,9A,N2",,
7658,"12,2A,3X,7",,
7680,"101XS,102,11,12,21A,21AT,22,23,25,25AX,25B,26A,28A,29,2A,2AS,32,33,39,3A,3AX,3BX,3X,50,50B,52,6B,7,71,73,9,9A,H3,MT1,MT2,MT5,N1A,N2,N5",,
7685,"12,23,2A,32,3X,6B,7,9,9A,N2",,
7690,"21AT,26,71,73,MT4,N2,N3",,
7136,"52,55",,
7631,"102,52,55,71,71S,72,73,H3",,
7638,"102,52,55,71,71S,72,73,H3",,
7697,"21AT,26,71,73,MT4,N2,N3",,
7709,"18,18B,21AT,23,28B,32,6B,9,9A,N2",,
7713,"21AT,71,73",,
7721,"21AT,26,35,36,52,71,73,MT2,MT4,N2,N3,N5",,
7719,"21AT,35,36,52,71,73,MT2,N2,N3,N5",,
7695,"26,MT4,N2,N3",,
7744,"11,21AT,26AT,35,36,52,71,73,MT2,N2,N3,N5",,
7746,"21AT,26AT,52,73,N2,N3",,
7761,"21AT,26AT,52,73,N2,N3",,
7765,"30X,52",,
7768,"21AT,26,26AT,52,73,MT4,N2,N3",,
7769,"26,MT4,N2,N3",,
7772,30X,,
7779,"102,52,55,71,71S,72,73,H3",,
7783,"102,52,55,71,71S,72,73,H3",,
7790,"52,55",,
7791,52,,
7794,"15,15T,21A,25,25AX,26,26A,50,51,51A,51B,52,55,56,59,H3,N3,N5",,
7801,"1,33",,
7802,"1,23,25B,33,5X,N1B",,
7804,"101,1A,23,26,26A,28B,32,33,4,5X,8,8A,H2,N1A,N1B,N2",,
7799,"23,5X,N1B",,
7808,25,,
7809,"23,25,25B,5X",,
7811,"1,N1B",,
7812,"1,23,25B,5X,N1B",,
7806,"23,25B,5X",,
7818,"17,23,28C,56",,
7819,"17,28C",,
7820,"23,65,N2",,
7830,"101XS,102,12,23,25AX,29,2AS,39,3A,3AX,3BX,50,50B,5X,65,7,73,8,MT1,MT2,MT5,N1A,N2",,
7833,"17S,1A,23,50,N1A,N2",,
7686,"101XS,102,11,21A,21AT,22,23,25,25AX,25B,26A,28A,29,2AS,33,39,3A,3AX,3BX,50,50B,52,7,71,73,H3,MT1,MT2,MT5,N1A,N2,N5",,
7838,"18,18B,21AT,23,32,6B,9,9A,N2",,
7839,"18,18B,21AT,6B,9,N2",,
7836,"23,32,9A",,
7842,"18,18B,21AT,23,32,6B,9A,N2",,
7844,"23,32,9A",,
7848,"12,23,3A,3AX,50,5X,60,8,MT5",,
7850,"12,23,39,3A,50,60,65,8,MT5",,
7854,"12,16,16S,2,22,25,25B,28C,2A,5,9,9A,N2",,
7855,"12,16,16S,2,22,23,25,25B,28C,2A,5,9,9A,N2",,
7857,"17,6A,6B",,
7858,"17,23,56,5X,65,6A,6B",,
7875,"1,16,16S,23,25B,65,7,9,9A,N1A",,
7882,"101,1A,26A,27,28B,8,H2,N1B",,
7880,23,,
7886,"101,1A,23,26A,27,28B,8,H2,N1B",,
7901,"23,27,H2",,
7902,H2,,
7908,"23,28B",,
7905,"23,27,8,8A",,
7915,"23,28B",,
7913,"27,29,8,8A",,
3024,"10,18,18A,18B,19,2,22,25,25B,3,4,5,6A,7",,
7919,"102,11,15,22,25B,26,26A,28A,30,33,34,35,37,72,MT1,MT3",,
7920,"11,15,22,28A,30,33,34,37",,
7923,"102,11,15,22,25B,26,26A,28A,30,33,34,35,37,72,H3,MT1,MT3,MT4,MT5,N5,N6",,
7924,"11,15,22,26,28A,30,33,34,37,MT4,MT5,N5",,
7956,"21A,25,26,26A,50,59,N3",,
7957,"21AT,25B,25BS,26A,26AT,30X,35,51A,701X,MT1,MT3",,
7962,"102,30X,52,55,71,73",,
7980,"35,51,59,MT4,N5",,
8009,"101,25AX,27,2AS,3AX,3BX,51,51B,59,73,AP1,MT3",,
8027,"25AX,30X,3AX,3BX,51,59",,
8042,"26,36,51,51A,51B,59,AP1,MT1,MT4,N2",,
8055,"35,50B,N5",,
8059,"26,35,37,50B,51,51A,59,MT1,MT4,N2,N5",,
8057,"26,35,37,50B,51A,MT1,N2,N5",,
8070,"10,101,11,21A,21AT,26A,26AT,3,33,3A,3X,N1B,N3",,
8071,"10,101,10B,11,21A,21AT,26A,26AT,3,33,3A,3X,N1B,N3",,
8067,"10B,28B",,
5785,"10,10B,22,25,25B,28B,3,5,6A,8,9,9A,N2",,
8063,"51,59,MT4,N5,N6",,
8074,"26,36,51,51A,51B,59,AP1,MT1,MT4,N2,N5,N6",,
8075,"51,59,MT4",,
8072,"26,36,51A,51B,AP1,MT1,N2,N5,N6",,
8078,"26,35,36,50B,51,51A,51B,59,AP1,MT1,MT4,N2,N5",,
8079,"26,36,51A,51B,AP1,MT1,N2",,
8076,"35,50B,51,59,MT4,N5",,
8083,N5,,
8091,"35,50B,51,59,MT4,N5",,
8087,"35,51,59,MT4,N5",,
8097,"35,51,59,MT4,N5",,
8100,"35,50B,51,59,MT4,N5",,
8108,"17,17S,27,3A",,
8109,"17,17S,17T,25B,27,30,3A,51A,61,AP1,MT4",,
8115,"15,21A,25,25AX,25B,25BS,26,26A,26AT,51B,56,MT4,N3",,
8117,"25B,701X",,
8120,"51,59,H3",,
8138,"23,25B,5X,65",,
8146,"10,10B,25B,28A,28B,28C,29,3,32,5,6A,6B,H3",,
8148,"23,25B,5X,65",,
8143,25B,,
8150,"101,1A,26,26A,32,3X,51A,5X,61,8A,H2,MT4,N1A,N1B,N2",,
8176,"23,25,25B,32,5,5X,6A,9,9A,N2",,
8174,"12,22,28C,56",,
8179,"26,MT4",,
8181,"11,35,36,71,MT2,N5",,
8182,"11,26,35,36,71,MT2,MT4,N5",,
8185,"26,MT4",,
8195,"11,15,26,34,35,36,71,MT2,MT4,N5",,
8197,"11,15,26,34,35,36,71,MT2,MT4,N5",,
8200,"26,30,30X,34,35,36,56,MT3,MT5,N2,N5",,
8203,"11,39",,
8204,"26,30,30X,34,36,51B,56,AP1,MT3",,
8223,"26,36,51,51A,51B,59,AP1",,
8052,"26,36,51,51A,51B,59,AP1,MT1,MT4,N2",,
8049,"26,37,51,51A,59,MT1,MT4,N2",,
8238,"26,36,51A,51B,AP1,MT1,N2,N5,N6",,
7388,"15,26,34,35,36,52,MT2,MT4,N5",,
8249,"15,26,34,35,36,52,MT2,MT4,N5",,
8246,"26,35,36,52,MT2,MT4,N5",,
8252,"21AT,26AT,52,73,N2,N3",,
8261,"26,60,65,N2",,
8269,"1,101XS,17T,26,26A,3,33,6A,8A,N1A",,
8270,"1,101XS,26A,3,33,6A,N1A",,
8272,"17T,18A,26,8,8A",,
8273,"18A,8",,
8267,"17T,26,8A",,
8276,"23,32,5X,N2",,
8274,"26,8A",,
8280,"23,26,32,5X,8A,N2",,
8287,"1,10,101,18,27,29,30,34,65,9,9A,N1A",,
8285,"27,30,65",,
8291,"103,12,17S,19,2,27,28C,30,51A,6A,AP1",,
8294,"12,17S,19,2,27,30,34,3A,51A,6A,AP1,N1A",,
8289,"17S,27,51A,AP1",,
8298,"10B,17,17S,18,18A,18B,2A",,
8299,"102,10B,17,17S,18,18A,18B,2A,30,34,MT3",,
8302,"101,25AX,27,2AS,3AX,3BX,51,51B,59,73,AP1,MT3",,
8303,"101,2AS,51,51B,59,73,MT3",,
8306,"102,25AX,27,30,34,3AX,3BX,51A,AP1,MT3",,
8310,"103,10B,17S,18,18A,18B,27,2A,2AS,3A,51A,73,AP1,N1A",,
8304,"27,51A",,
8315,28B,,
8317,"18,18B,21AT",,
8320,10B,,
8321,"10B,28B",,
8324,18,,
8325,"18,28B",,
8327,"18,18B,21AT,23,28B,32,6B,9,9A,N2",,
8328,"18,18B,21AT,23,32,6B,9,9A,N2",,
8322,28B,,
8342,"28B,28C,29",,
8343,28C,,
8345,"28B,6A,H2",,
8346,"6A,H2",,
8340,28B,,
8358,"12,2A,8,8A,9,9A,H1",,
8361,"28C,6B,H1,H3",,
8362,"28C,6B,H1,H3",,
8365,8,,
8366,"10B,28C,29,8",,
8368,"10,1A,28A,28B,3,32",,
7606,"10,10B,28A,28B,28C,29,3,32,5,56,H3",,
8376,"10,10B,22,25,25B,28A,28B,3,32,5,6A,6B,8,H3,N2",,
8381,"28C,29",,
8377,"28C,29",,
8387,"12,16,16S,2,22,25,25B,28C,2A,5,7,8,9,9A,N2",,
8390,"12,18,18A,18B,19,2,22,25,25B,28C,2A,4,7,8,8A,9,9A,H1,H2",,
8391,"12,18,18A,18B,19,2,22,25,25B,2A,4,7,8,8A,9,9A,H1,H2",,
8385,28C,,
8394,"12,17,18,18B,2,22,23,25,25B,2A,56,5X,6A",,
8395,"12,17,18,18B,2,22,23,25,25B,28C,2A,56,5X,6A",,
8392,28C,,
8397,28C,,
8396,28C,,
8402,"26,30,30X,34,37,56,MT3",,
8405,"51,51A,59,AP1",,
8400,"30,30X,34,56,MT3",,
8413,"11,30,35,36,MT5",,
8411,"30,36",,
8418,"11,39",,
8419,"11,37,39,MT5",,
8430,"101XS,103,25AX,30,30X,3A,3AX,3BX,AP1,N1B",,
8437,"10B,18,18A,18B,2A,3A",,
8438,"102,10B,18,18A,18B,2A,34,3A,51A",,
8442,"103,17S,2AS,73,AP1,N1A",,
8443,"103,17S,25AX,2AS,3AX,3BX,73,AP1,N1A",,
8445,"102,34,51A",,
8440,"25AX,3AX,3BX",,
8452,"17T,29,51A,61,9A,AP1,MT4",,
8465,"10,10B,1A,28A,28B,28C,29,3,32",,
8468,"23,28C",,
8469,"23,28C",,
8473,"12,28A,3,32,3A,60",,
8479,"28C,8",,
8480,"28C,8",,
8483,"23,56",,
8481,"32,5,65,N2",,
8485,"32,65",,
8487,"10,12,1A,28A,28B,3,32,3A,56,60",,
8488,"10,12,1A,28A,28B,3,32,3A,56,60,65",,
8503,"102,11,15,22,25B,26,26A,28A,30,30X,33,34,37,72,MT1,MT3,N2",,
8511,"10,1A,2,28B,29,6A,H2",,
8514,"102,10B,3A",,
8509,"18,18A,18B,2,2A,34,6A,H2",,
8519,"17T,25B,30,51A,61,AP1,MT4",,
8522,"16,16S,18,25B,29,34,65,9A,AP1",,
8525,"25B,30,34,9",,
8526,"16,16S,18,25B,30,34,65,9",,
8520,"16,16S,18,65",,
8529,"15,34",,
8530,"15,34,35",,
8532,"11,15,26,34,35,36,71,MT2,MT4,N5",,
8527,35,,
8539,"15,34",,
8540,"15,34,35",,
8536,"26,35,36,52,MT2,MT4,N5",,
8534,35,,
8544,"35,36,52,MT2,N5",,
8546,"26,MT4",,
8547,"26,35,36,52,MT2,MT4,N5",,
8541,"35,36,52,MT2,N5",,
6347,"102,11,21A,22,25,25AX,25B,26A,28A,33,39,50,50B,H3,MT1,MT5,N2,N3",,
7356,"102,21A,22,25,25AX,25B,26A,28A,33,35,39,50,50B,H3,MT1,MT5,N2,N3",,
8548,"35,50B",,
8554,"51,59,MT4,N5",,
8552,"35,50B",,
8558,"35,50B,51,59,MT4,N5",,
8561,"35,50B,51,59,MT4,N5",,
8556,N5,,
8565,"35,50B,51,59,MT4,N5",,
8569,"10,12,19,1A,2,22,28B,28C,29,34,6A,8,H2",,
8570,"10,12,18A,19,1A,2,22,28B,28C,29,34,6A,8,H2",,
8573,"12,19,22,7",,
8574,"12,19,22,7",,
8576,18A,,
8577,18A,,
8583,"35,50,50B,701X",,
8598,"11,35,MT5",,
8601,"102,11,21A,22,25,25AX,25B,26A,28A,33,39,50,50B,H3,MT1,MT5,N2,N3",,
8602,"102,11,21A,22,25,25AX,25B,26A,28A,33,35,39,50,50B,H3,MT1,MT5,N2,N3",,
8606,"11,15,26,34,35,36,71,MT2,MT4,N5",,
8607,"11,15,26,34,36,71,MT2,MT4,N5",,
8604,35,,
8603,35,,
8613,"11,15,22,26,28A,30,30X,33,34,35,36,37,MT2,MT4,MT5,N5",,
8614,"11,15,22,26,28A,30,30X,33,34,37,MT2,MT4,MT5,N5",,
8608,"35,36,MT2",,
8617,"35,MT5",,
8621,"102,11,21A,22,25,25AX,25B,26A,28A,30,33,36,37,39,50,50B,H3,MT1,MT4,MT5,N2,N3,N5,N6",,
8625,"26,30,30X,34,35,36,56,MT3,MT5,N2,N5",,
8628,"11,26,30,30X,34,35,36,37,39,51B,56,72,AP1,MT3,MT5,N2,N5",,
8623,"35,36,MT5,N2,N5",,
8632,"102,21A,22,25,25AX,25B,26A,28A,33,36,50,50B,H3,MT1,MT4,MT5,N2,N3,N5,N6",,
8633,"102,21A,22,25,25AX,25B,26A,28A,33,50,50B,MT1,N2,N3",,
8636,"30,30X,36,37,MT2,MT5",,
8647,"102,21A,22,25,25AX,25B,26A,28A,30,33,50,50B,H3,MT1,N2,N3",,
8664,"71,71S,72,73,N6",,
8668,"71,71S,72,73,N6",,
8671,"71,71S,72,73,N6",,
8681,"71,71S,72,73,N6",,
8688,"71,71S,72,73,N6",,
8689,"71,71S,72,73,N6",,
8693,"71,71S,72,73,N6",,
8690,"71,71S,72,73,N6",,
8696,"71,71S,72,73,N6",,
8697,"71,71S,72,73,N6",,
8698,"701X,73,N6",,
8701,"71,71S,72,N6",,
8707,"71,71S,72,N6",,
8699,"701X,73,N6",,
8678,"71,71S,72,73,N6",,
8666,"71,71S,72,73,N6",,
8674,"71,71S,72,73,N6",,
8673,"71,71S,72,73,N6",,
8772,"52,55,71,71S,72,73",,
8773,"52,55",,
8779,"52,55,71,71S,72,73",,
8783,"71,71S,72,73,N6",,
8791,"71,71S,72,73,N6",,
8795,"71,71S,72,73,N6",,
8796,"71,71S,72,73,N6",,
8810,"71,71S,72,73",,
8823,"26,35,36,37,72,MT5,N2,N5",,
8824,"26,35,36,37,72,MT5,N2,N5",,
8825,MT5,,
8826,MT5,,
8827,"30,30X,34,56,AP1,MT3",,
8833,"23,32,3BX,3X,9,9A,N1B,N2",,
5432,"101,101XS,11,21A,21AT,23,26A,29,32,33,3A,3BX,3X,9,9A,N1A,N1B,N2",,
8812,"71,71S,72,73",,
8850,"12,23,29,39,3A,3AX,50B,60,65,7,8,MT1,MT2,MT5",,
8853,"11,21A,21AT,22,23,25,25AX,25B,26A,26AT,28A,2A,32,33,39,3X,50,50B,52,6B,7,71,73,9,9A,H3,MT1,MT2,MT5,N2,N5",,
8856,"23,2A,32,3BX,3X,6B,9,9A,N1B,N2",,
8868,"21AT,51A,701X,71S,72",,
8865,N6,,
8877,"102,51A,71S,72,N6",,
8873,51A,,
8860,"51A,72",,
8879,"21AT,71S,72",,
8880,MT3,,
7020,"101XS,25AX,2AS,3AX,3BX,73",,
7029,"101XS,102,12,23,25AX,29,2AS,39,3A,3BX,50B,65,7,73,8,MT1,MT2,MT5",,
7030,"12,23,29,39,3A,50B,7,8,MT1,MT2,MT5",,
7032,"10,101XS,102,10B,1A,25AX,28A,28B,29,2AS,3,32,3A,3BX,56,73,AP1,N1A",,
7033,"10,10B,1A,28A,28B,29,3,32,3A,56,AP1",,
7037,6B,,
7040,6B,,
7041,6B,,
7046,"51A,701X",,
7055,"102,15,21A,21AT,25,25B,25BS,26,26A,50,701X,H3,N6",,
9061,"51,59,MT4",,
9064,"50,N5,N6",,
9065,50,,
9059,"N5,N6",,
9073,"101,101XS,18,27,29,9A,N1A",,
9075,"1,10,17,17S,17T,25,25B,27,3,30,34,3A,3X,51A,61,AP1,MT4",,
9076,"1,10,101,101XS,17,17S,17T,18,25,25B,27,29,3,30,34,3A,3X,51A,61,9A,AP1,MT4,N1A",,
9078,"1,10,17,17S,17T,25,25B,27,3,30,34,3A,3X,51A,61,AP1,MT4",,
9079,"1,10,101,101XS,17,17S,17T,18,25,25B,27,29,3,30,34,3A,3X,51A,61,9A,AP1,MT4,N1A",,
9082,"17,17S,1A,23,3AX,50,60,N1A",,
9083,"17,1A,23,3AX,50",,
9085,"101XS,102,25AX,2AS,3BX,65,73",,
9086,"101XS,102,25AX,2AS,3BX,65,73,N1A",,
9080,N1A,,
9092,"23,65",,
9087,"60,N1A,N2",,
9099,27,,
9100,27,,
9103,"10,18,1A,27,28B,29,34,8,H2,N1B",,
9104,"10,1A,28B,29,8,H2",,
9107,22,,
9110,"103,10B,17,18,18B,30,51A,N1B",,
9108,"103,N1B",,
9114,"5X,8,N2",,
9117,"56,5X,65,H3,N2",,
9112,"5X,65,N2",,
9128,"12,17S,3A,60,8",,
9126,"3AX,5X,N2",,
9139,"12,3A,3AX,5X,60,8",,
9142,"23,50,60,MT5",,
9145,"12,3A,3AX,5X,60,8",,
9146,"12,3A,3AX,5X,60,8",,
9149,"17S,1A,23,50,N1A,N2",,
9150,"1A,23,50,N1A",,
9152,"12,3A,3AX,5X,60,8",,
9147,"17S,N2",,
9154,"H3,MT4,MT5,N2,N5,N6",,
9160,"102,11,15,22,25B,26,26A,28A,30,30X,33,34,37,72,H3,MT1,MT3,MT4,MT5,N2,N5,N6",,
9161,"102,11,15,22,25B,26,26A,28A,30,30X,33,34,37,72,MT1,MT3",,
9164,"101,1A,26A,N1B",,
9167,"17T,27,29,51A,61,8A,9A,AP1,H2,MT4,N1A,N1B,N2",,
9169,"3X,51A,61,8A,MT4,N1A,N1B,N2",,
9174,"101,26,26A,5X",,
9178,"23,27,28B,29",,
9181,"23,27,8,8A",,
9185,"12,28A,3,32,3A,60",,
9186,"12,28A,3,32,3A,60",,
9189,"10,12,1A,28A,28B,3,32,3A,60",,
9192,"23,28C,5X,65,H3,N2",,
9196,"10B,28C,29",,
9197,"10B,28C,29",,
9199,8,,
9203,"25AX,39,50,50B,52,71,73,MT1,MT2,MT5,N2,N5",,
9206,"101,21A,21AT,23,26A,26AT,32,3X,9,9A,H3,N1B,N2",,
9201,"6B,N3",,
9211,"11,26,30,30X,34,36,39,51B,56,72,AP1,MT3",,
9208,37,,
9216,"26,35,37,50B,51A,MT1,N2,N5",,
9219,"10,10B,28A,28B,28C,29,3,32,3AX,50",,
9220,"10,10B,1A,28A,28B,28C,29,3,32,3AX,50",,
9222,23,,
9223,"1A,23",,
9217,1A,,
9226,"32,65",,
9227,"32,65",,
9229,"28C,6A,6B,H1",,
9234,"10B,12,19,2,22,30,34,6A,7",,
9237,"103,N1B",,
9858,30X,,
9859,30X,,
9868,"10,102,10B,17S,1A,28B,29,3A,56,AP1,N1A",,
9867,"10,102,10B,17S,1A,28B,29,3A,56,AP1,N1A",,
9878,"18,18A,18B,2,2A,6A,H2",,
9885,"10,18A,1A,2,28B,29,30,34,6A,H2",,
9892,"12,17S,3A,3AX,5X,60,8,N2",,
9891,"12,17S,3A,3AX,5X,60,8,N2",,
9894,"12,3A,8",,
9898,"23,27,28B,29,8,8A",,
9897,"23,27,28B,29",,
9900,"23,27,8,8A",,
9899,"23,27,8,8A",,
9913,"15,15T,21A,25,25AX,26,26A,26AT,50,51,51A,51B,52,55,56,59,H3,N3,N5",,
9915,"15,15T,21A,25,25AX,26,26A,50,51,51A,51B,52,55,56,59,H3,N3,N5",,
9919,"1,101,17,25,28C,3,3X,9A",,
9921,"1A,28B,7,H2",,
9927,"102,11,15,22,25B,26,26A,28A,30,30X,33,34,37,72,MT1,MT3,N2",,
9928,"102,11,15,22,25B,26,26A,28A,30,30X,33,34,37,72,MT1,MT3,N2",,
9932,"102,21A,22,25,25AX,25B,26A,28A,30,33,50,50B,H3,MT1,N2,N3",,
9931,"102,21A,22,25,25AX,25B,26A,28A,30,33,50,50B,H3,MT1,N2,N3",,
9935,5X,,
9934,"5X,H3",,
9937,"H2,H3",,
9938,65,,
9939,"56,5X",,
9941,"12,22,23,25,25B,28C,32,5,56,5X,6A,9,9A,N2",,
9943,23,,
9949,"12,17S,3A,3AX,5X,60,8,N2",,
9954,15,,
9962,"15,21A",,
9973,"102,10B,18,18A,18B,2,2A,34,3A,6A,H2",,
9972,"102,10B,18,18A,18B,2A,34,3A",,
9975,"10,102,10B,1A,2,28B,29,3A,6A,H2",,
9974,"10,102,10B,1A,28B,29,3A",,
9979,"16,16S,65,7",,
9982,"1,16,16S,23,25B,65,7,9,9A,N1A",,
9988,"1,25B,9,9A,N1A",,
9989,"16,16S,65,7",,
9992,"101XS,17T,25,26A,3,33,5",,
9991,"1,101XS,17T,25,25B,26A,3,33,5,9,9A,N1A",,
9994,"10,101,10B,11,21A,21AT,26A,26AT,3,33,3A,3X,N1B,N3",,
9993,"10,101,10B,11,21A,21AT,26A,26AT,3,33,3A,3X,N1B,N3",,
9995,"17,28C,6A",,
9996,"17,28C,6A",,
9997,9,,
9998,"1,10,11,16,16S,2,21A,26,5,55,60,61,65,6B,71S,9,MT4,N3",,
10001,6B,,
10000,"6B,9",,
10006,"1,101XS,26A,3,33,6A,N1A",,
10007,"3X,51A,61,MT4,N1A,N1B,N2",,
10009,"27,29,8A,H2",,
10014,"27,29,3X,51A,61,8A,H2,MT4,N1A,N1B,N2",,
10016,"1,16,16S,25B,65,7,9,9A,N1A",,
10019,"101,3X,61,71S,MT4",,
10020,"1A,32,4",,
10021,"1A,32,4",,
10024,"1,16,16S,1A,23,25B,32,4,65,7,9,9A,N1A",,
10023,"1,16,16S,23,25B,65,7,9,9A,N1A",,
10026,"1,10,11,18,18B,2,21A,21AT,26,26AT,5,55,60,61,65,71S,MT4,N3",,
10031,"101,3X,4,61,71S,MT4",,
10032,"101,3X,4,61,71S,MT4",,
10038,"1,16,16S,26,26A,3,33,3X,6A,N1B",,
10041,"21AT,26,26AT,52,73,MT4,N2,N3",,
10040,"21AT,26,26AT,52,73,MT4,N2,N3",,
10045,55,,
10046,55,,
10050,"1A,32",,
10053,"101,1A,26,26A,32,3X,51A,5X,61,8A,H2,MT4,N1A,N1B,N2",,
10056,"1,101,16,16S,26,26A,3,33,3X,61,6A,71S,MT4,N1B",,
10057,"1,16,16S,26,26A,3,33,3X,6A,N1B",,
10060,"101,61,71S,MT4",,
7407,"1,10,11,16S,2,21A,26,5,55,60,61,65,6B,71S,MT4,N3",,
10065,"1,10,11,16S,2,21A,26,5,55,60,61,65,6B,71S,MT4,N3",,
10064,"1,10,11,16S,2,21A,26,5,55,60,61,65,6B,71S,MT4,N3",,
10066,"28C,32,5,65,6A,8,9,9A,N2",,
10068,"11,15,26,34,36,71,MT2,MT4,N5",,
10069,"11,15,26,34,36,71,MT2,MT4,N5",,
10076,"11,30X,35,37,H3,MT2,MT4,MT5,N5,N6",,
10077,"11,30X,35,37,H3,MT2,MT4,MT5,N5,N6",,
10080,"30X,MT2",,
10081,36,,
10082,"30X,36,MT2",,
10084,"30X,37,H3,MT2,MT4,MT5,N5,N6",,
10094,"102,25B,26,26A,35,72,MT1,MT3",,
10093,"102,25B,26,26A,35,37,72,MT1,MT3",,
10100,"102,25B,26A,35,72,H3,MT1,MT3,N6",,
10103,"30X,52,55,71,71S,73",,
10102,"30X,52,55,71,71S,73",,
10109,"52,55,71,71S,73",,
10108,"52,55,71,71S,73",,
10135,"11,30,35,36,MT5",,
10137,"30X,36,MT2",,
10136,"30X,36,MT2",,
10144,"102,11,15,22,25B,26,26A,28A,30,33,34,35,37,72,MT1,MT3",,
10143,"102,11,15,22,25B,26,26A,28A,30,33,34,35,37,72,MT1,MT3",,
10145,"102,11,15,22,25B,26,26A,28A,30,30X,33,34,37,72,MT1,MT3,N2",,
10162,"102,11,15,22,25B,26,26A,28A,30,30X,33,34,37,72,MT1,MT3,N2",,
10161,"102,11,15,22,25B,26,26A,28A,30,30X,33,34,37,72,MT1,MT3,N2",,
10164,37,,
10165,37,,
10204,"H3,MT4,MT5,N2,N5,N6",,
10214,"11,35,MT5",,
10215,"11,35,MT5",,
10216,"H3,MT4,MT5,N2,N5,N6",,
10217,"H3,MT4,MT5,N2,N5,N6",,
10239,"2,6A,H2",,
10244,"26,51,51A,59,MT1,MT4,N2",,
5815,"101,1A,23,26A,27,28B,8,H2,N1B",,
10249,"26,36,51,51A,51B,59,AP1,MT1,MT4,N2",,
10255,"11,26,30,30X,34,36,37,39,51B,56,72,AP1,MT3",,
10254,"11,26,30,30X,34,36,37,39,51B,56,72,AP1,MT3",,
10256,"11,26,30,30X,34,35,36,37,39,51B,56,72,AP1,MT3,MT5,N2,N5",,
10257,"11,26,30,30X,34,35,36,37,39,51B,56,72,AP1,MT3,MT5,N2,N5",,
10267,21A,,
10270,"15T,21A,25,25AX,26,26A,50,51,51A,51B,52,55,56,59,H3,N3,N5",,
10269,"21A,25,26,26A,50,59,N3",,
10275,"15,15T,21A,25,25AX,26,26A,26AT,50,51,51A,51B,52,55,56,59,H3,N3,N5",,
10274,25AX,,
10282,"15,15T,21A,25,26,26A,26AT,50,51,51A,51B,52,55,56,59,H3,N3,N5",,
10285,"15,15T,21A,25,26,26A,50,51,51A,51B,52,55,56,59,H3,N3,N5",,
10284,"15,15T,21A,25,26,26A,50,51,51A,51B,52,55,56,59,H3,N3,N5",,
10288,"15,15T,21A,25,25AX,26,26A,50,51,51A,51B,52,55,56,59,H3,N3,N5",,
10300,"15,15T,21A,25,25AX,26,26A,50,51,51A,51B,52,55,56,59,H3,N3,N5",,
10301,"15,15T,21A,25,25AX,26,26A,26AT,50,51,51A,51B,52,55,56,59,H3,N3,N5",,
10304,4,,
10307,"101,61,71S,MT4",,
10320,51A,,
10321,51A,,
10322,51A,,
10324,"15,21A,25,25AX,25BS,26,26A,26AT,51A,51B,56,701X,MT4,N3,N6",,
10334,"103,10B,17,17S,18,18A,18B,2A,30,30X,3A,N1B",,
10337,"102,10B,18,18A,18B,2A,34,3A,51A",,
10336,"102,10B,18,18A,18B,2A,34,3A",,
10343,51A,,
10344,"1,10,11,18,18B,2,21A,21AT,26,26AT,5,55,60,61,65,71S,MT4,N3",,
10346,"39,72",,
10348,"37,H3,MT4,MT5,N5,N6",,
10351,"36,H3,MT4,MT5,N2,N5,N6",,
10350,"36,H3,MT4,MT5,N2,N5,N6",,
10352,"102,11,21A,22,25,25AX,25B,26A,28A,33,35,36,37,39,50,50B,72,MT1,MT4,MT5,N3,N5,N6",,
10354,"102,11,21A,22,25,25AX,25B,26A,28A,33,35,36,37,39,50,50B,72,MT1,MT4,MT5,N3,N5,N6",,
10356,"102,21A,22,25,25AX,25B,26A,28A,33,36,50,50B,MT1,MT4,MT5,N2,N3,N5,N6",,
10359,"102,21A,22,25,25AX,25B,26A,28A,33,36,50,50B,MT1,MT4,MT5,N2,N3,N5,N6",,
10360,"35,50B,N5",,
10361,"35,50B,N5",,
10366,"1A,28B,7,H2",,
10365,"10,1A,28B,29,7,H2",,
10368,"1,10,101,10B,17,18,18B,25,27,28C,29,3,3X,9A",,
10367,"1,101,17,25,28C,3,3X,9A",,
10379,27,,
10380,"18,27,34,N1B",,
10381,"18,34,N1B",,
10382,"10,29",,
10385,"32,5X,N2",,
10386,"32,5X,N2",,
10387,"101,1A,51A,61,H2,MT4",,
10411,"101,26,26A,3X,51A,5X,61,8A,MT4,N1A,N1B,N2",,
10422,"101,23,26,26A,28B,5X,8",,
10421,"101,23,26,26A,28B,5X,8,8A,H2,N1A,N1B,N2",,
10424,"17T,51A,61,MT4,N1A",,
10429,"5X,8A,H2,N1A,N1B,N2",,
10430,H2,,
10431,"18,18B,2,2A,6A",,
10432,"18,18B,2,2A,6A,H2",,
10436,H2,,
10439,"28B,8,H2",,
10438,"28B,8,H2",,
10446,"101,17T,1A,26A,51A,61,MT4,N1A,N1B",,
10447,"101,17T,1A,26A,51A,61,H2,MT4,N1A,N1B",,
10449,"23,28B,8",,
10448,"23,28B,8,H2",,
10453,H2,,
10455,3A,,
10457,"1,10,11,16,16S,2,21A,26,5,55,60,61,65,6B,71S,MT4,N3",,
10467,"28C,32,5,65,6A,8,9,9A,N2",,
10468,"28C,32,5,65,6A,9,9A,N2",,
10472,8,,
10484,"17T,7,8",,
10486,"12,18,18A,18B,19,2,22,25,25B,2A,4,7,8,8A,9,9A,H2",,
10485,"12,17T,18,18A,18B,19,2,22,25,25B,2A,4,7,8,8A,9,9A,H2",,
10489,"17T,7,8",,
10491,"7,8",,
10492,"7,8",,
10493,"12,16,16S,2,22,25,25B,28C,2A,5,9,9A,N2",,
10494,"12,16,16S,2,22,25,25B,28C,2A,5,7,8,9,9A,N2",,
10498,"7,8",,
10500,22,,
10501,22,,
10503,"10B,18B,30",,
10506,"10,27,29",,
10505,"10,27,29",,
10507,22,,
10508,22,,
10524,"10B,18,18B,30,7",,
10523,"10B,18,18B,30,7",,
10527,"102,17,17S,25AX,2AS,3A,3AX,3BX,73,AP1,N1B",,
10526,"102,10B,17,17S,25AX,29,2AS,3A,3AX,3BX,73,AP1,N1B",,
10528,"10B,28C,29,8",,
10529,"28C,8",,
10538,"10B,29",,
10540,"102,51A,N6",,
10541,"51A,701X,N6",,
10542,"51A,701X,N6",,
10545,"30,30X,36,37,MT2,MT5",,
10546,"11,35,MT5",,
10547,"11,35,MT5",,
10553,"26,36,51,51A,51B,59,AP1,MT1,MT4,N2",,
10556,"26,36,51,51A,51B,59,AP1,MT1,MT4,N2",,
10559,"23,32,6B,N2",,
10561,"101,11,21A,21AT,25,25B,26A,26AT,32,3X,9,9A,H3,N1B,N3",,
10569,"101,101XS",,
10572,"101,17S,3A",,
10571,"101,17S,25AX,27,30X,3A,3AX,3BX,51,51B,59,AP1",,
10618,"17S,51A,AP1",,
10620,"17S,17T,25B,30,34,3X,51A,AP1",,
10619,"17S,17T,25B,30,34,3X,51A,AP1",,
10637,"15,21A,25,25AX,36,50,50B,51B,56,AP1,MT4,N2,N3,N5,N6",,
10640,"15T,21A",,
10642,"15T,21A",,
10646,"15T,21A",,
10649,"3X,51A,61,MT4",,
10650,"101,1A,26,26A,32,3X,51A,5X,61,8A,H2,MT4,N1A,N1B,N2",,
10653,"101,17T,1A,26A,32,51A,61,H2,MT4,N1A,N1B",,
10654,"101,17T,1A,26A,32,51A,61,H2,MT4,N1A,N1B",,
10655,"17T,29,51A,61,9A,AP1,MT4",,
10672,"101,1A,32,3X,51A,5X,H2,MT4,N2",,
10673,"101,1A,32,3X,51A,5X,H2,MT4,N2",,
10685,"56,H3",,
10686,"5,56,H3",,
10687,"23,32,56,65,N2",,
10688,"23,32,5,56,65,N2",,
10696,5,,
10699,"27,7",,
10703,"10B,18B,30",,
10704,"22,34",,
10705,"12,19,2,22,28C,34,6A,7",,
10710,"103,12,19,2,28C,6A,7",,
10713,"10B,17,18,18B,30,51A",,
10714,"10B,17,18,18B,30,51A,7",,
10715,27,,
10716,"27,7",,
10718,7,,
10720,"11,25,25B",,
10721,"11,25,25B",,
10723,"101,11,21A,21AT,22,25,25B,26A,26AT,33,3A,3X,N1B,N3",,
10730,22,,
10729,"22,7",,
10731,"103,10B,12,18B,19,2,28C,30,6A",,
10735,7,,
10738,"37,H3,MT4,MT5,N5,N6",,
10737,"37,H3,MT4,MT5,N5,N6",,
10739,"11,30,35,36,MT5",,
10752,"7,8",,
10753,8,,
10755,7,,
10761,7,,
10763,"102,10B,17,17S,18,18A,18B,2A,30,34",,
10762,"102,10B,17,17S,18,18A,18B,2A,30,34",,
10765,"1,10,17,17S,18,25,27,29,3,30,34,3A,3X,51A,9A,AP1,N1A",,
10776,"1,25,27,3A",,
10775,"1,10,25,27,3A",,
10778,"1,10,27,3A",,
10793,"11,15,22,28A,30,33,34,37",,
10794,"11,15,22,28A,30,33,34",,
10795,37,,
10837,37,,
10838,"102,11,15,22,25B,26,26A,28A,30,30X,33,34,35,37,72,H3,MT1,MT2,MT3,MT4,MT5,N5,N6",,
10839,"102,11,15,22,25B,26,26A,28A,30,30X,33,34,35,37,72,H3,MT1,MT2,MT3,MT4,MT5,N5,N6",,
10842,"26,N3",,
10844,"21A,26,26A,N3",,
10843,"21A,25,26,26A,50,N3",,
10850,"25,50",,
10854,"26,N3",,
10859,"21A,25,26,26A,50,N3",,
10860,"21A,25,26,26A,50,N3",,
10861,"26,N3",,
10864,26,,
10869,26,,
10871,"23,28C,5X,65,H3,N2",,
10872,"23,28C,56,5X,65,H3,N2",,
10874,"10,12,1A,28A,28B,3,32,3A,60",,
10873,"10,12,1A,28A,28B,3,32,3A,56,60",,
10879,56,,
10882,"23,5X,65",,
10881,"23,56,5X,65",,
10884,"10,10B,28A,28B,28C,29,3,32,5,56,6A,6B,H3",,
10883,"10,10B,28A,28B,28C,29,3,32,5,6A,6B,H3",,
10887,56,,
10889,"21AT,26AT,52,55,71S,73",,
10892,"15,26,34,35,36,52,71,MT2,MT4,N5",,
10891,"15,26,34,35,36,52,MT2,MT4,N5",,
10897,71,,
10900,"23,60,65,N1A,N2",,
10899,"23,N1A,N2",,
10901,"18,18B,21AT,23,26,32,60,65,6B,9A,N2",,
10905,"18,18B,21AT,23,26,32,60,65,6B,9A,N2",,
10904,"18,18B,21AT,23,26,32,60,65,6B,9A,N2",,
10906,"12,3A,60,65,8",,
10907,"12,3A,8",,
10937,"103,26,36,51,51A,51B,59,AP1",,
10997,"103,26,51A,AP1,MT4",,
11006,"26,36,51A,MT1,N2",,
11007,"26,36,51A,MT1,N2",,
11030,"103,26,36,51,51A,51B,59,AP1,MT1,MT4,N2",,
11029,"103,26,36,51,51A,51B,59,AP1,MT1,MT4,N2",,
11071,21A,,
11072,"15,21A,25,25AX,26,26A,26AT,50,51,51A,51B,52,55,56,59,H3,N3,N5",,
11075,"15T,21A",,
11078,"15,15T,21A",,
11082,15T,,
11103,"15T,21A,26A,N3",,
11105,"21A,26A,N3",,
11107,"28B,29,8,8A",,
11108,"28B,29,8,8A",,
11109,"8,8A",,
11113,"23,27,28B,29",,
11112,"23,27,28B,29,8,8A",,
11116,"23,27,8,8A",,
11118,"8,8A",,
11117,"8,8A",,
11122,"8,8A",,
11126,"2AS,73,MT3",,
11130,"2AS,73,MT3",,
11148,"12,19,2,6A",,
11153,"18,23,32,9A,N2",,
11172,"26,30,30X,34,37,56,MT3",,
11175,"26,30,30X,34,36,51B,56,AP1,MT3",,
11176,"26,30,30X,34,36,51B,56,AP1,MT3",,
11178,"26,30,30X,34,36,51B,56,AP1,MT3",,
11179,"26,30,30X,34,36,51B,56,AP1,MT3",,
11182,"21A,26A,N3",,
11191,"21A,26A,N3",,
11193,"15T,21A",,
11194,"15T,21A,26A,N3",,
11197,"21A,26A,N3",,
11199,"15,15T",,
11201,"15,15T",,
11231,"25AX,27,30X,3AX,3BX,51,51B,59,AP1",,
11230,"25AX,27,30X,3AX,3BX,51,51B,59,AP1",,
11233,"17,28C,30,51A",,
11232,"17,28C,30,51A",,
11239,"1,10,101,101XS,17T,18,25,27,29,3,30,34,65,9,9A,N1A",,
11238,"1,10,101,101XS,17T,18,25,27,29,3,30,34,5,65,9,9A,N1A",,
11241,5,,
11243,"103,12,19,2,28C,30,6A",,
11246,"10,27,29",,
11248,"10B,18,18B",,
11249,"16,16S,65",,
11251,5,,
11253,"16,16S,18,25B,29,34,9A,AP1",,
11255,"1,10,17,17S,18,25,27,29,3,30,34,3A,3X,51A,9A,AP1,N1A",,
11256,"1,10,101,17,17S,18,25,27,28C,29,3,30,34,3A,3X,51A,9A,AP1,N1A",,
11257,"17,17S,30,3A,51A",,
11265,"101,28C",,
11268,"1A,28B,7,H2",,
11280,9,,
11283,"1,101,16S,17,25,3,3X,5,65,9A",,
11282,"1,101,16S,17,25,3,3X,5,65,9,9A",,
11284,"1A,28B,7,H2",,
11285,"1A,28B,7,9,H2",,
11288,9,,
11289,"1,101,16S,17,25,3,3X,5,65,9,9A",,
11290,"1,101,16S,17,25,3,3X,5,65,9,9A",,
11292,"10B,18B",,
11291,"10B,18B",,
11295,"12,19,2,30,34,3A,6A,N1A",,
11294,"10B,12,18,18B,19,2,30,34,3A,6A,N1A",,
11297,"103,12,19,2,28C,30,6A",,
11296,"103,10B,12,18,18B,19,2,28C,30,6A",,
11300,"10B,18,18B",,
11301,"10,10B,18,18B,27,29",,
11302,"10,10B,18,18B,27,29",,
11303,"1,10,11,18,18B,2,21A,21AT,26,26AT,5,55,60,61,65,6B,71S,9,MT4,N3",,
11304,"1,10,11,18,18B,2,21A,21AT,26,26AT,5,55,60,61,65,6B,71S,9,MT4,N3",,
11308,N3,,
11310,"102,15,21A,25,25B,25BS,26,26A,50,701X,H3,N3,N6",,
11329,"12,17S,3A,3AX,5X,60,8,N2",,
11333,"12,17S,3A,3AX,5X,60,8,N2",,
11335,"12,17S,3A,3AX,5X,60,8,N2",,
11337,"12,17S,3A,3AX,5X,60,8,N2",,
11341,"12,2",,
11343,"103,17S,18,18B,19,27,28C,30,3A,51A,6A,7,AP1,N1A",,
11344,"103,12,17S,18,18B,19,2,27,28C,30,3A,51A,6A,7,AP1,N1A",,
11345,"12,2",,
11347,"50,N6",,
11352,"10,102,10B,12,22,23,25,25AX,25B,28A,29,2AS,3,32,39,3A,3AX,3BX,50,50B,6B,7,73,8,H1,H3,MT1,MT2,MT5,N1B,N2",,
11353,3,,
11356,"101,11,21A,21AT,22,25,25B,26A,26AT,3,33,3A,3X,N1B,N3",,
11357,"101,11,21A,21AT,22,25,25B,26A,26AT,33,3A,3X,N1B,N3",,
11359,3,,
11360,"10,10B,12,3,7,8",,
11362,"101,11,21A,21AT,22,25,25B,26A,26AT,3,33,3A,3X,9,9A,N1B,N3",,
11361,"10,101,10B,11,21A,21AT,22,25,25B,26A,26AT,3,33,3A,3X,7,9,9A,N1B,N3",,
11365,"10,10B,7",,
11366,"2A,8A,9,9A,H1",,
11367,"12,2A,8,8A,9,9A,H1",,
11363,"12,8",,
11370,"10,10B,12,7,8",,
11369,"10,10B,12,7,8",,
11372,"28A,32,6B,H3",,
11371,"28A,32,6B,H3",,
11374,"16,16S,18,25B,29,34,65,9A,AP1",,
11383,"26,36,51,51A,51B,59,AP1,MT1,MT4,N2",,
11384,"26,36,51,51A,51B,59,AP1,MT1,MT4,N2",,
11386,"16,16S,18,29,34,65,9,9A",,
11388,"16,16S,18,29,34,65,9,9A",,
11397,"18,22,34,N1B",,
11398,"18,22,34,N1B",,
11401,"10,102,10B,12,17S,1A,28A,28B,29,3,32,3A,56,60,AP1,N1A",,
11400,"10,102,10B,17S,1A,28B,29,32,3A,56,AP1,N1A",,
11405,"16,16S,18,29,34,65,9,9A",,
11429,18,,
11433,"29,34,9A",,
11436,"29,34,9A",,
11440,"10,102,10B,17S,1A,28B,29,32,3A,56,AP1,N1A",,
11441,"10,102,10B,17S,1A,28B,29,32,3A,56,AP1,N1A",,
11442,"10,102,10B,17S,1A,28B,29,32,3A,56,AP1,N1A",,
11445,"12,28A,3,60",,
11446,"12,28A,3,60",,
11449,9,,
11451,25B,,
11447,9,,
11454,"103,N1B",,
11455,"10B,12,18,19,2,22,30,34,6A,7",,
11456,"10B,12,19,2,22,30,34,6A,7",,
11452,18,,
11458,"18,23,32,9A,N2",,
11460,"11,15,22,26,28A,30,30X,33,34,35,36,37,MT2,MT4,MT5,N5",,
11465,"16,16S,5,65",,
11466,"16,16S,5,65",,
11468,37,,
11470,37,,
11473,"26,35,36,37,72,MT5,N2,N5",,
11472,"26,36,MT5,N2",,
11474,"26,36,MT5,N2",,
11475,"26,35,36,37,72,MT5,N2,N5",,
11471,"35,36,37,72,N5",,
11477,"11,39,72",,
11478,"11,37,39,72",,
11480,"26,30,30X,34,37,56,MT3",,
11476,37,,
11527,"60,65",,
11526,"60,65",,
11528,"1,10,11,18,18B,2,21A,21AT,26,5,60,61,65,9",,
11529,"26,60,65",,
11522,"16,16S,23,28B,32,6B,9,9A,N2",,
11524,"18,23,32,9A,N2",,
11523,"18,23,32,9A,N2",,
11532,"16,16S,23,28B,32,6B,9,9A,N2",,
11531,"16,16S,23,28B,32,6B,9,9A,N2",,
11533,"16,16S,23,28B,32,6B,9,9A,N2",,
11534,"16,16S,23,28B,32,6B,9,9A,N2",,
11536,"1,10,11,16,16S,2,21A,26,5,55,60,61,65,6B,71S,MT4,N3",,
11537,"1,10,11,16,16S,2,21A,26,5,55,60,61,65,6B,71S,MT4,N3",,
11539,3A,,
11538,3A,,
11543,"16,16S,2,28B,5,6A",,
11542,"16,16S,2,28B,5,6A",,
11550,50,,
11566,"101,25AX,27,2AS,3AX,3BX,51,51B,59,73,AP1,MT3",,
11573,"26,30,30X,34,56,MT3",,
11572,"26,30,30X,34,56,MT3",,
11574,"26,35,50B,51A,MT1,N2,N5",,
11577,"101,17S,25AX,27,2AS,30X,3A,3AX,3BX,51,51B,59,73,AP1,MT3",,
11578,"12,17,18,18B,2,22,23,25,25B,2A,56,5X,6A",,
11579,"12,17,18,18B,2,22,23,25,25B,2A,56,5X,6A",,
11582,"37,39,MT5",,
11581,"30,37,39,MT5",,
11583,"102,21A,22,25,25AX,25B,26A,28A,33,50,50B,H3,MT1,N2,N3",,
11584,"102,21A,22,25,25AX,25B,26A,28A,30,33,50,50B,H3,MT1,N2,N3",,
11580,30,,
11586,"30X,51,59",,
11589,"25AX,30X,3AX,3BX,51,59",,
11588,"101,101XS,25AX,30X,3AX,3BX,51,51B,59",,
11594,103,,
11590,"101,101XS,102,103",,
11599,"25AX,3AX,3BX",,
11598,"101,102,25AX,2A,3AX,3BX,51B",,
11597,"101,102,2A,51B",,
11603,"101,101XS,51B",,
11608,"26,36,51,51A,51B,59,AP1",,
11607,"26,36,51,51A,51B,59,AP1",,
11610,"51,51A,59",,
11609,"51,51A,59",,
11612,"25B,701X",,
11611,"25B,701X",,
11614,"11,30,35,36,MT5",,
11613,"11,30,35,36,MT5",,
11618,"15,21A,25,25AX,25BS,26,26A,26AT,51A,51B,56,701X,MT4,N3,N6",,
11617,"15,21A,25,25AX,25BS,26,26A,26AT,51A,51B,56,701X,MT4,N3,N6",,
11627,"101,25AX,27,2AS,3AX,3BX,51,51B,59,73,AP1,MT3",,
11626,"101,17S,25AX,27,2AS,30X,3A,3AX,3BX,51,51B,59,73,AP1,MT3",,
11629,"17S,18A,27,2A,30X,3A,7",,
11625,"17S,30X,3A",,
11650,10,,
11651,10,,
11653,10,,
11652,10,,
11655,"1,27,3A",,
11654,"1,27,3A",,
11656,"1,27,3A",,
11658,"1,27,3A",,
11659,"1,27,3A",,
11661,"17,17S,17T,25B,3,30,34,3X,51A,61,AP1,MT4",,
11660,"17,17S,17T,25B,3,30,34,3X,51A,61,AP1,MT4",,
11662,"17,17S,17T,25B,3,30,34,3X,51A,61,AP1,MT4",,
11663,"17,17S,17T,25B,3,30,34,3X,51A,61,AP1,MT4",,
11664,"17,17S,17T,25B,3,30,34,3X,51A,61,AP1,MT4",,
11665,"17,17S,17T,25B,3,30,34,3X,51A,61,AP1,MT4",,
11667,"17,17S,17T,25B,3,30,34,3X,51A,61,AP1,MT4",,
11666,"17,17S,17T,25B,3,30,34,3X,51A,61,AP1,MT4",,
11668,"1,10,17,25,27,3,3A,61,MT4",,
11669,"1,10,17,25,27,3,3A,61,MT4",,
11670,"1,10,17,25,27,3,3A,61,MT4",,
11671,"1,10,17,25,27,3,3A,61,MT4",,
11673,"1,10,17,25,27,3,3A,61,MT4",,
11672,"1,10,17,25,27,3,3A,61,MT4",,
11675,"1,10,17,25,27,3,3A,61,MT4",,
11674,"1,10,17,25,27,3,3A,61,MT4",,
11676,"17S,51A,AP1",,
11678,"17T,25B,30,34,3X",,
11679,"17T,25B,30,34,3X",,
11680,"17T,25B,30,34,3X",,
11681,"17T,25B,30,34,3X",,
11682,"17T,25B,30,34,3X",,
11683,"17T,25B,30,34,3X",,
11684,"17S,51A,AP1",,
11685,"17S,51A,AP1",,
11686,"17S,51A,AP1",,
11687,"17S,51A,AP1",,
11688,"1,101,16,16S,17,25,28C,3,3X,5,65,9A",,
11689,"1,101,16,16S,17,25,28C,3,3X,5,65,9A",,
11694,"18,18B,21AT,6B,N2",,
11709,"26,37",,
11710,"26,37",,
11715,"26,37",,
4497,"1A,32,33,4",,
4498,"1A,32,33,4",,
4499,"1A,32,33,4",,
11730,"26,36,51,51A,51B,59,AP1,MT1,MT4,N2",,
11729,"26,36,51,51A,51B,59,AP1,MT1,MT4,N2",,
11718,"26,51A,MT1,MT4,N2",,
11731,"26,36,51,51A,51B,59,AP1,MT1,MT4,N2",,
11733,"1,10,11,18,18B,2,21A,21AT,26,5,60,61,65,6B,9",,
11734,"18B,21AT,26,60,65,6B",,
11732,"1,10,11,18,18B,2,21A,21AT,5,61,9",,
10434,"H2,H3",,
10433,H3,,
10567,"101,21A,21AT,26A,26AT,32,3X,9,9A,H3,N1B,N3",,
11756,"103,10B,12,18B,19,2,28C,30,6A,7",,
11755,"103,10B,12,18B,19,2,28C,30,6A,7",,
11757,"18,18A,18B,2,2A,6A,H2",,
11758,"18,18A,18B,2,2A,6A,H2",,
11760,"28C,8",,
11761,"28C,8",,
11762,"28C,8",,
8284,"27,30,65",,
4749,"10,18A,1A,2,28B,29,30,34,6A,H2",,
4517,"10,18A,1A,2,28B,29,30,34,6A,H2",,
9886,"10,18A,1A,2,28B,29,30,34,6A,H2",,
8450,"16,16S,17T,18,25B,29,30,34,51A,61,65,9,9A,AP1,MT4",,
8518,"16,16S,17T,18,25B,29,30,34,51A,61,65,9,9A,AP1,MT4",,
11763,"12,17T,18,18A,18B,19,2,22,25,25B,2A,4,9,9A,H2",,
11764,"12,17T,18,18A,18B,19,2,22,25,25B,2A,4,9,9A,H2",,
11766,"12,22,23,25,25B,28C,32,5,6A,9,9A,N2",,
11765,"12,22,23,25,25B,28C,32,5,6A,9,9A,N2",,
11767,"101,1A,26,26A,32,3X,51A,5X,61,8A,H2,MT4,N1A,N1B,N2",,
11768,"101,1A,26,26A,32,3X,51A,5X,61,8A,H2,MT4,N1A,N1B,N2",,
6396,"19,7",,
7550,"19,7",,
11770,"101,1A,32,3X,51A,5X,61,H2,MT4,N2",,
11773,"10,10B,1A,28A,28B,28C,29,3,32",,
11776,"10,10B,1A,28A,28B,28C,29,3,32",,
10311,4,,
11778,"1,101,101XS,18A,18B,19,26,26A,3,33,3X,4,61,6A,71S,8A,MT4,N1A",,
11777,"1,101,101XS,18A,18B,19,26,26A,3,33,3X,4,61,6A,71S,8A,MT4,N1A",,
11781,"10,101,11,18,2,21A,21AT,26A,26AT,3,33,3A,3X,5,6A,N1B,N3",,
11782,"10,101,11,18,2,21A,21AT,26A,26AT,3,33,3A,3X,5,6A,N1B,N3",,
11783,"1,10,11,18,18B,2,21A,21AT,26,26AT,3A,5,61,71S,MT4,N3",,
11785,"1,10,11,18,18B,2,21A,21AT,26,26AT,5,55,60,61,65,71S,MT4,N3",,
11786,"1,10,11,18,18B,2,21A,21AT,26,26AT,5,55,60,61,65,71S,MT4,N3",,
11787,"10,10B,25B,28A,28B,28C,29,3,32,3AX,50,5X",,
11788,"10,10B,25B,28A,28B,28C,29,3,32,3AX,50,5X",,
5500,"28C,6A,6B,H1,H2,H3",,
6960,"28C,6A,6B,H1,H2,H3",,
11789,"1,10,11,18,18B,2,21A,21AT,26,26AT,5,55,60,61,65,71S,MT4,N3",,
11790,"1,10,11,18,18B,2,21A,21AT,26,26AT,5,55,60,61,65,71S,MT4,N3",,
11792,"103,10B,17,17S,18,18A,18B,2A,30,30X,3A,51A,N1B",,
11791,"103,10B,17,17S,18,18A,18B,2A,30,30X,3A,51A,N1B",,
8015,"101,17,17S,28C,30,3A,51A",,
11258,"101,17,17S,28C,30,3A,51A",,
11793,"1,10,11,18,18B,2,21A,21AT,26,26AT,5,55,60,61,65,71S,MT4,N3",,
11794,"1,10,11,18,18B,2,21A,21AT,26,26AT,5,55,60,61,65,71S,MT4,N3",,
11127,"2AS,73,MT3",,
11129,"2AS,73,MT3",,
11796,"101,101XS,102,103",,
11798,"101,101XS,102,103",,
11799,"101,101XS,102,103",,
11802,"101,101XS,102,103",,
11804,"101,101XS,102,103",,
11805,"101,101XS,102,103",,
11807,"101,101XS,102,103",,
11808,"101,101XS,102,103",,
11836,"29,34,9A",,
11837,"29,34,9A",,
11843,"29,34,9A",,
11844,"29,34,9A",,
11863,"17,17T,18,18A,18B,19,26,8A",,
11862,"17,17T,18,18A,18B,19,26,8A",,
11865,"17,17T",,
11870,"102,21A,22,25,25AX,25B,26A,28A,30,33,50,50B,H3,MT1,N2,N3",,
11871,"102,21A,22,25,25AX,25B,26A,28A,30,33,50,50B,H3,MT1,N2,N3",,
11873,"102,21A,22,25,25AX,25B,26A,28A,30,33,50,50B,H3,MT1,N2,N3",,
11872,"102,21A,22,25,25AX,25B,26A,28A,30,33,50,50B,H3,MT1,N2,N3",,
11742,"102,25B,26A,35,72,H3,MT1,MT3,N6",,
11741,"102,25B,26A,35,72,H3,MT1,MT3,N6",,
11876,"102,11,21A,22,25,25AX,25B,26A,28A,33,35,36,37,39,50,50B,72,MT1,MT4,MT5,N3,N5,N6",,
11877,"102,11,21A,22,25,25AX,25B,26A,28A,33,35,36,37,39,50,50B,72,MT1,MT4,MT5,N3,N5,N6",,
11878,"102,21A,22,25,25AX,25B,26A,28A,33,36,50,50B,MT1,MT4,MT5,N2,N3,N5,N6",,
11879,"102,21A,22,25,25AX,25B,26A,28A,33,36,50,50B,MT1,MT4,MT5,N2,N3,N5,N6",,
11881,"11,15,22,28A,30,33,34",,
11880,"11,15,22,28A,30,33,34",,
11883,"102,11,15,22,25B,26,26A,28A,30,30X,33,34,37,72,MT1,MT3,N2",,
11885,"102,11,15,22,25B,26,26A,28A,30,30X,33,34,37,72,MT1,MT3,N2",,
11884,"102,11,15,22,25B,26,26A,28A,30,30X,33,34,37,72,MT1,MT3,N2",,
11887,"15,21A,25,25AX,36,50,50B,51B,56,AP1,MT4,N2,N3,N5,N6",,
11903,"102,15,21A,21AT,25,25AX,25B,25BS,26,26A,26AT,51A,51B,56,701X,MT4,N3,N6",,
9071,"102,15,21A,21AT,25,25AX,25B,25BS,26,26A,26AT,51A,51B,56,701X,MT4,N3,N6",,
11902,"102,15,21A,21AT,25,25AX,25B,25BS,26,26A,26AT,51A,51B,56,701X,MT4,N3,N6",,
11904,"102,11,15,22,25B,26,26A,28A,30,30X,33,34,37,72,MT1,MT3,N2",,
11905,"102,11,15,22,25B,26,26A,28A,30,30X,33,34,37,72,MT1,MT3,N2",,
11907,"102,11,15,22,25B,26,26A,28A,30,30X,33,34,37,72,MT1,MT3,N2",,
11906,"102,11,15,22,25B,26,26A,28A,30,30X,33,34,37,72,MT1,MT3,N2",,
11557,"15,21A,21AT,25,25AX,25B,25BS,26,26A,26AT,51B,56,701X,MT4,N3",,
11556,"15,21A,21AT,25,25AX,25B,25BS,26,26A,26AT,51B,56,701X,MT4,N3",,
11559,"15,21A,21AT,25,25AX,25B,25BS,26,26A,26AT,51B,56,701X,MT4,N3",,
11561,"15,21A,21AT,25,25AX,25B,25BS,26,26A,26AT,51B,56,701X,MT4,N3",,
6478,"26,35,50B,51A,MT1,N2,N5",,
11575,"26,35,50B,51A,MT1,N2,N5",,
11914,"50,N5",,
11909,"50,N5",,
11917,"102,52,55,71,73,H3,N6",,
11920,"102,52,55,71,73,H3,N6",,
11923,"102,52,55,71,71S,73,H3,N6",,
11925,"102,52,55,71,71S,73,H3,N6",,
11928,"21AT,26,71,73,MT4,N2,N3",,
11932,"21AT,26,71,73,MT4,N2,N3",,
11929,"21AT,26,71,73,MT4,N2,N3",,
11931,"21AT,26,71,73,MT4,N2,N3",,
11933,"71,71S,72,73,N6",,
11934,"71,71S,72,73,N6",,
11935,"71,71S,72,73,N6",,
11936,"71,71S,72,73,N6",,
7128,"21A,25,26,26A,50,59,N3",,
11937,"21A,25,26,26A,50,59,N3",,
7094,"21A,25,26,26A,50,59,N3",,
11940,"21A,25,26,26A,50,59,N3",,
9960,"15,21A",,
9963,"15,21A",,
9961,"15,21A",,
9956,"15,21A",,
9969,"15,21A",,
9966,21A,,
11956,"21A,25,26,26A,50,59,N3",,
11955,"21A,25,26,26A,50,59,N3",,
11959,"21A,25,26,26A,50,59,N3",,
11958,"21A,25,26,26A,50,59,N3",,
11407,"16,16S,18,65,9",,
11428,18,,
11413,"16,16S,65,9",,
11415,"16,16S,65",,
11853,"16,16S,65",,
11420,"16,16S,65",,
11852,"16,16S,65",,
12015,"16,16S,18,65,9",,
12017,"16,16S,18,65,9",,
11839,18,,
12009,18,,
12008,18,,
12024,"16,16S,18,65,9",,
12020,"16,16S,18,65,9",,
12023,"16,16S,18,65,9",,
12004,"16,16S,65",,
12006,9,,
12012,9,,
12011,9,,
11421,"16,16S,65",,
12003,"16,16S,65",,
11425,9,,
11848,9,,
11847,9,,
12028,"25AX,27,30X,3AX,3BX,51,51B,59,AP1",,
12031,"25AX,27,30X,3AX,3BX,51,51B,59,AP1",,
12033,"25AX,27,30X,3AX,3BX,51,51B,59,AP1",,
12036,"25AX,27,30X,3AX,3BX,51,51B,59,AP1",,
12037,"25AX,27,30X,3AX,3BX,51,51B,59,AP1",,
11864,"17,17T",,
11859,"17,17T",,
11860,"17,17T",,
12052,4,,
12067,"26,8A",,
12069,"17T,1A,26A,32,N1A,N1B",,
12066,"26A,N1A,N1B",,
12077,"1A,23,32",,
12080,"1,16,16S,25B,4,65,7,9,9A,N1A",,
12079,"1,16,16S,25B,4,65,7,9,9A,N1A",,
12087,"27,29,9A,AP1",,
12105,"16,16S,5X,N1A",,
12104,"30,34",,
12111,"16,16S,25B,30,34,5X,65,N1A",,
12112,"16,16S,30,34,5X,N1A",,
12113,"5X,N1A",,
12116,"16,16S,30,34,5X",,
12118,"16,16S,25B,30,5X,65,N1A",,
12119,"16,16S,25B,5X,65,N1A",,
12120,"101,1A,32,3X,51A,5X,61,H2,MT4,N2",,
12139,"15T,52,55,56,N5",,
12142,"15T,52,55,56,N5",,
12145,"15T,52,55,56,N5",,
12144,"15T,25AX,51,51A,51B,52,55,56,H3,N5",,
12141,"25AX,51,51A,51B,H3",,
12140,"15T,52,55,56,N5",,
12148,"15T,25AX,51,51A,51B,52,55,56,H3,N5",,
12153,"15T,25AX,51,51A,51B,H3",,
12154,"15T,25AX,51,51A,51B,H3",,
12156,"52,55,56,N5",,
12157,"52,55,56,N5",,
12160,"52,55,56,N5",,
12159,"52,55,56,N5",,
12162,"15T,25AX,51,51A,51B,H3",,
12161,"15T,25AX,51,51A,51B,H3",,
12170,"102,25B,26A,35,72,H3,MT1,MT3,N6",,
6148,35,,
12174,35,,
12183,"30,30X,36,37,MT2,MT5",,
12194,"11,15,26,34,35,36,MT2,MT4,N5",,
12182,"30,30X,36,37,MT2,MT5",,
11464,"15,22,26,28A,30,33,34,35,36,52,MT2,MT4,N5",,
12186,"30,36",,
12189,35,,
12185,"30,36",,
11395,"15,22,26,28A,30,33,34,35,36,52,MT2,MT4,N5",,
11396,"15,22,26,28A,30,33,34,35,36,52,MT2,MT4,N5",,
11394,"11,15,22,26,28A,33,34,35,MT2,MT4,N5",,
12204,"15,22,26,28A,30,33,34,35,36,52,MT2,MT4,N5",,
12203,"15,22,26,28A,30,33,34,35,36,52,MT2,MT4,N5",,
12206,"15,22,26,28A,30,33,34,52,MT4,N5",,
12209,"15,22,26,28A,30,33,34,52,MT4,N5",,
12213,"11,15,22,26,28A,30,33,34,35,36,MT2,MT4,N5",,
12215,"11,15,22,26,28A,30,33,34,35,36,MT2,MT4,N5",,
12218,N3,,
11875,"15,21A,25,25AX,36,50,50B,51B,56,AP1,MT4,N2,N3,N5,N6",,
12255,"15,21A,25,25AX,36,50,50B,51B,56,AP1,MT4,N2,N3,N5,N6",,
12256,"15,21A,25,25AX,36,50,50B,51B,56,AP1,MT4,N2,N3,N5,N6",,
12250,"15,21A,25,25AX,36,50,50B,51B,56,AP1,MT4,N2,N3,N5,N6",,
12252,"15,21A,25,25AX,36,50,50B,51B,56,AP1,MT4,N2,N3,N5,N6",,
12258,37,,
12259,37,,
10822,37,,
10819,37,,
10834,37,,
10809,37,,
12264,"102,25B,26A,35,72,H3,MT1,MT3,N6",,
12171,"102,25B,26A,35,72,H3,MT1,MT3,N6",,
12262,"102,25B,26A,35,72,H3,MT1,MT3,N6",,
12265,"102,25B,26A,35,72,H3,MT1,MT3,N6",,
12271,"21A,26A,N3",,
12270,"21A,26A,N3",,
12276,15T,,
12286,15T,,
12289,15T,,
12291,15T,,
12279,"15T,21A,26A,N3",,
12294,15T,,
12295,15T,,
8422,"11,15,22,26,28A,30,30X,33,34,35,36,37,MT2,MT4,MT5,N5",,
8643,"11,15,22,26,28A,30,30X,33,34,35,36,37,MT2,MT4,MT5,N5",,
11461,"11,15,22,26,28A,30,30X,33,34,35,36,37,MT2,MT4,MT5,N5",,
11462,"11,15,22,26,28A,30,30X,33,34,35,36,37,MT2,MT4,MT5,N5",,
10999,"103,26,51A,AP1,MT4",,
11000,"103,26,51A,AP1,MT4",,
12298,"26,36,51A,MT1,N2",,
12297,"26,36,51A,MT1,N2",,
10945,"103,26,36,51A,AP1,MT1,MT4,N2",,
10995,"103,26,51A,AP1,MT4",,
11002,"26,36,51A,MT1,N2",,
11003,"26,36,51A,MT1,N2",,
12306,"17,19,28C,30,51A,6A",,
12308,"18B,21AT,26,60,65,6B,N2",,
12307,"18B,21AT,26,60,65,6B,N2",,
12200,"11,15,22,26,28A,33,34,35,MT2,MT4,N5",,
8842,"30,36",,
12201,"11,15,22,26,28A,33,34,35,MT2,MT4,N5",,
12216,"11,15,22,26,28A,30,33,34,35,36,MT2,MT4,N5",,
12317,"39,72",,
12318,"39,72",,
12322,"21AT,26AT,52,55,71,71S,73",,
12321,"21AT,26AT,52,55,71,71S,73",,
12341,"21AT,25B,26A,26AT,35,71S,72,MT1,MT3",,
12343,"35,50B,51,59,MT4,N5",,
12347,"15,15T,21A,25,25AX,26,26A,26AT,50,51,51A,51B,52,55,56,59,H3,N3,N5",,
12348,"15,15T,21A,25,25AX,26,26A,26AT,50,51,51A,51B,52,55,56,59,H3,N3,N5",,
12349,"1,16,16S,17,26,26A,28C,3,32,33,3X,4,5,65,8,8A,9,9A,N1B,N2",,
12350,"1,16,16S,17,26,26A,28C,3,32,33,3X,4,5,65,8,8A,9,9A,N1B,N2",,
12352,"1,16,16S,26,26A,28C,3,32,33,3X,5,65,8,9,9A,N1B,N2",,
12354,"1,16,16S,26,26A,28C,3,32,33,3X,5,65,8,9,9A,N1B,N2",,
12353,"1,16,16S,26,26A,28C,3,32,33,3X,5,65,8,9,9A,N1B,N2",,
12356,23,,
12357,"1A,23,32",,
12359,"17T,1A,32",,
12355,"1A,32",,
12361,"15,21A",,
12363,"15,21A",,
12368,"51,59,MT4,N5,N6",,
12367,"51,59,MT4,N5,N6",,
12370,"35,50B,51,59,MT4,N5",,
12369,"35,50B,51,59,MT4,N5",,
12371,"12,16,16S,2,22,25,25B,2A,5,7,8,9,9A,N2",,
12374,"1,101,1A,26A,27,28B,33,8,H2,N1B",,
12373,"1,101,1A,26A,27,28B,33,8,H2,N1B",,
12375,"1,101,101XS,26A,3,33,3X,4,61,6A,71S,MT4,N1A",,
12376,"1,101,101XS,26A,3,33,3X,4,61,6A,71S,MT4,N1A",,
12377,"10,10B,1A,23,28A,28B,28C,29,3,32",,
12378,"10,10B,1A,23,28A,28B,28C,29,3,32",,
12379,"10,10B,22,25,25B,28A,28B,28C,29,3,32,3AX,50,5X,8,N2",,
12380,"10,10B,22,25,25B,28A,28B,28C,29,3,32,3AX,50,5X,8,N2",,
12382,"10,10B,22,25,25B,28A,28B,28C,29,3,32,3AX,50,5X,8,N2",,
12381,"10,10B,22,25,25B,28A,28B,28C,29,3,32,3AX,50,5X,8,N2",,
12384,"28C,6A,H1",,
12383,"28C,6A,H1",,
12386,"102,25B,26A,35,72,H3,MT1,MT3,N6",,
12385,"102,25B,26A,35,72,H3,MT1,MT3,N6",,
12387,"26,36,51,51A,59,AP1",,
12390,"50,N5",,
12389,"50,N5",,
12392,50,,
12393,"50,701X,N5",,
12396,50,,
12400,"21AT,51A,701X,71S,72",,
12401,"51A,72",,
12404,"23,27",,
12403,"23,27",,
12406,"25AX,39,50,50B,52,6B,71,73,MT1,MT2,MT5,N2,N3,N5",,
12407,"25AX,39,50,50B,52,6B,71,73,MT1,MT2,MT5,N2,N3,N5",,
12410,34,,
12412,34,,
12413,34,,
12414,"16,16S,5X",,
12417,"16,16S,5X",,
12416,"16,16S,5X",,
12419,30,,
12420,30,,
12421,30,,
12422,"16,16S,18,25B,29,34,65,9A,AP1",,
12423,"16,16S,18,25B,29,34,65,9A,AP1",,
12425,"16,16S,18,25B,29,34,65,9A,AP1",,
12424,"16,16S,18,25B,29,34,65,9A,AP1",,
12426,"16,16S,18,25B,29,34,65,9A,AP1",,
12427,"16,16S,18,25B,29,34,65,9A,AP1",,
12429,27,,
12432,"16,16S,25B,30,34,65",,
12428,"30,65",,
12442,"18,18B,21AT,6B,N2",,
12445,"18,18B,21AT,6B,N2",,
12452,"18,23,32,9A,N2",,
12453,"18,23,32,9A,N2",,
12458,"23,27",,
12459,"23,27",,
12464,"101,1A,23,26A,27,28B,8,H2,N1B",,
12469,35,,
12470,"11,15,22,26,28A,30,33,34,35,36,MT2,MT4,N5",,
12472,"15,22,26,28A,30,33,34,35,36,52,MT2,MT4,N5",,
12473,"15,22,26,28A,30,33,34,35,36,52,MT2,MT4,N5",,
12475,"15,22,26,28A,30,33,34,35,36,52,MT2,MT4,N5",,
12480,"11,15,22,26,28A,30,33,34,36,MT2,MT4,N5",,
12482,"11,15,22,26,28A,30,33,34,36,MT2,MT4,N5",,
12483,"11,15,22,26,28A,30,33,34,36,MT2,MT4,N5",,
12484,"11,15,22,26,28A,30,33,34,36,MT2,MT4,N5",,
12487,"11,15,22,26,28A,30,33,34,36,MT2,MT4,N5",,
12488,35,,
12489,"11,15,26,34,35,36,MT2,MT4,N5",,
12491,"15,26,34,35,36,52,MT2,MT4,N5",,
12494,"15,22,26,28A,30,33,34,35,36,52,MT2,MT4,N5",,
12493,"22,28A,30,33",,
12490,"15,26,34,35,36,52,MT2,MT4,N5",,
12485,"11,15,26,34,36,MT2,MT4,N5",,
12497,"27,29,8A,H2,N1A,N1B,N2",,
12498,H2,,
12499,"27,29,8A,H2,N1A,N1B,N2",,
12495,"27,29,8A,N1A,N1B,N2",,
12506,"21AT,25B,25BS,26A,26AT,30X,35,MT1,MT3",,
12508,71S,,
12507,71S,,
12510,"1,10,11,18,18B,2,21A,21AT,26,26AT,3A,5,61,71S,MT4,N3",,
12509,"1,10,11,18,18B,2,21A,21AT,26,26AT,3A,5,61,71S,MT4,N3",,
12515,"12,16,16S,2,22,25,25B,2A,5,7,8,9,9A,N2",,
12516,"12,16,16S,2,22,25,25B,2A,5,7,8,9,9A,N2",,
12518,"12,16,16S,2,22,25,25B,2A,5,7,8,9,9A,N2",,
12519,"12,16,16S,2,22,25,25B,2A,5,7,8,9,9A,N2",,
12520,"12,16,16S,2,22,25,25B,2A,5,7,8,9,9A,N2",,
12526,"12,16,16S,2,22,25,25B,2A,5,7,8,9,9A,N2",,
12525,"12,16,16S,2,22,25,25B,2A,5,7,8,9,9A,N2",,
12529,"50,N6",,
12530,"50,N6",,
12535,"25B,35,50,51,59,H3,MT4,N5",,
12547,"101,101XS,11,21A,21AT,23,26A,29,32,33,3A,3BX,3X,9,9A,N1A,N1B,N2",,
12549,"22,28A,29,33,39,3A,50,50B,52,6B,71,73,H1,MT5,N2,N5",,
12545,"8A,N3",,
12551,"101,101XS,11,21A,21AT,26A,33,3A,3X,8A,N1A,N3",,
12552,"101,101XS,11,21A,21AT,26A,33,3A,8A,N1A,N3",,
12553,"12,2A,3X,7",,
12554,"12,2A,7",,
12550,3X,,
12557,"17S,1A,50",,
12559,"23,39,50,60,MT5",,
12558,"23,50,60,MT5",,
12555,39,,
12560,"101,101XS,11,21A,21AT,23,26A,29,32,33,3A,3BX,3X,8A,9,9A,N1A,N1B,N2,N3",,
12561,"101,101XS,11,21A,21AT,23,26A,29,32,33,3A,3BX,3X,8A,9,9A,N1A,N1B,N2,N3",,
12563,"101,101XS,11,21A,21AT,23,26A,29,32,33,3A,3BX,3X,8A,9,9A,N1A,N1B,N2,N3",,
12562,"101,101XS,11,21A,21AT,23,26A,29,32,33,3A,3BX,3X,8A,9,9A,N1A,N1B,N2,N3",,
12564,"101,101XS,11,21A,21AT,23,26A,29,32,33,3A,3BX,3X,8A,9,9A,N1A,N1B,N2,N3",,
12565,"101,101XS,11,21A,21AT,23,26A,29,32,33,3A,3BX,3X,8A,9,9A,N1A,N1B,N2,N3",,
12566,"23,2A,32,3BX,3X,6B,9,9A,N1B,N2",,
12567,"23,2A,32,3BX,3X,6B,9,9A,N1B,N2",,
12568,"23,2A,32,3BX,3X,6B,9,9A,N1B,N2",,
12569,"23,2A,32,3BX,3X,6B,9,9A,N1B,N2",,
12570,"23,2A,32,3BX,3X,6B,9,9A,N1B,N2",,
12571,"23,2A,32,3BX,3X,6B,9,9A,N1B,N2",,
12573,"25AX,39,50,50B,52,6B,71,73,MT1,MT2,MT5,N2,N3,N5",,
12572,"25AX,39,50,50B,52,6B,71,73,MT1,MT2,MT5,N2,N3,N5",,
12574,"25AX,39,50,50B,52,6B,71,73,MT1,MT2,MT5,N2,N3,N5",,
12575,"25AX,39,50,50B,52,6B,71,73,MT1,MT2,MT5,N2,N3,N5",,
12582,"22,28A,29,33,39,3A,50,50B,52,6B,71,73,8A,H1,MT5,N2,N3,N5",,
12585,"22,28A,29,33,39,3A,50,50B,52,6B,71,73,8A,H1,MT5,N2,N3,N5",,
12587,"22,28A,29,33,39,3A,50,50B,52,6B,71,73,8A,H1,MT5,N2,N3,N5",,
12586,"22,28A,29,33,39,3A,50,50B,52,6B,71,73,8A,H1,MT5,N2,N3,N5",,
12589,"11,25,25AX,25B,MT1,MT2",,
12588,"11,25,25AX,25B,MT1,MT2",,
12590,"11,25,25AX,25B,MT1,MT2",,
12591,"11,25,25AX,25B,MT1,MT2",,
12592,"11,25,25AX,25B,MT1,MT2",,
12593,"11,25,25AX,25B,MT1,MT2",,
12595,"101,21A,21AT,23,26A,26AT,32,3X,6B,9,9A,H3,N1B,N2,N3",,
12596,"101,21A,21AT,23,26A,26AT,32,3X,6B,9,9A,H3,N1B,N2,N3",,
12597,"101,21A,21AT,23,26A,26AT,32,3X,6B,9,9A,H3,N1B,N2,N3",,
12598,"101XS,102,11,21A,21AT,22,23,25,25AX,25B,26A,28A,29,2AS,33,39,3A,3AX,3BX,50,50B,52,7,71,73,H3,MT1,MT2,MT5,N1A,N2,N5",,
12599,"101XS,102,11,21A,21AT,22,23,25,25AX,25B,26A,28A,29,2AS,33,39,3A,3AX,3BX,50,50B,52,7,71,73,H3,MT1,MT2,MT5,N1A,N2,N5",,
12601,"102,11,21A,21AT,22,23,25,25AX,25B,26A,26AT,28A,32,39,50,50B,73,H3,MT1,MT2,MT5",,
12600,"102,11,21A,21AT,22,23,25,25AX,25B,26A,26AT,28A,32,39,50,50B,73,H3,MT1,MT2,MT5",,
12603,"22,28A,29,33,39,3A,50,50B,52,6B,71,73,8A,H1,MT5,N2,N3,N5",,
12604,"22,28A,29,33,39,3A,50,50B,52,6B,71,73,8A,H1,MT5,N2,N3,N5",,
12606,"22,28A,29,33,39,3A,50,50B,52,6B,71,73,8A,H1,MT5,N2,N3,N5",,
12605,"22,28A,29,33,39,3A,50,50B,52,6B,71,73,8A,H1,MT5,N2,N3,N5",,
12611,"102,11,21A,21AT,22,23,25,25AX,25B,26A,26AT,28A,32,39,50,50B,73,H3,MT1,MT2,MT5",,
12612,"102,11,21A,21AT,22,23,25,25AX,25B,26A,26AT,28A,32,39,50,50B,73,H3,MT1,MT2,MT5",,
12613,"22,23,28A,29,32,33,39,3A,3BX,3X,50,50B,52,6B,71,73,9,9A,H1,MT5,N1B,N2,N5",,
12614,"22,23,28A,29,32,33,39,3A,3BX,3X,50,50B,52,6B,71,73,9,9A,H1,MT5,N1B,N2,N5",,
12615,"102,11,21A,21AT,22,23,25,25AX,25B,26A,26AT,28A,32,39,50,50B,73,H3,MT1,MT2,MT5",,
12616,"102,11,21A,21AT,22,23,25,25AX,25B,26A,26AT,28A,32,39,50,50B,73,H3,MT1,MT2,MT5",,
12617,"22,23,28A,29,32,33,39,3A,3BX,3X,50,50B,52,6B,71,73,9,9A,H1,MT5,N1B,N2,N5",,
12618,"22,23,28A,29,32,33,39,3A,3BX,3X,50,50B,52,6B,71,73,9,9A,H1,MT5,N1B,N2,N5",,
12620,"11,21A,21AT,22,23,25,25AX,25B,26A,26AT,28A,32,33,39,3X,50,50B,52,6B,71,73,9,9A,H3,MT1,MT2,MT5,N2,N5",,
12621,"11,21A,21AT,22,23,25,25AX,25B,26A,26AT,28A,2A,32,33,39,3X,50,50B,52,6B,7,71,73,9,9A,H3,MT1,MT2,MT5,N2,N5",,
12623,"23,32,3BX,3X,6B,9,9A,N1B,N2",,
12622,"23,2A,32,3BX,3X,6B,9,9A,N1B,N2",,
12624,"2A,7",,
12627,"2A,7",,
12628,2A,,
12629,"101XS,102,11,21A,21AT,22,23,25,25AX,25B,26A,28A,29,2AS,33,39,3A,3AX,3BX,50,50B,7,73,H3,MT1,MT2,MT5,N1A",,
12626,7,,
12633,"103,26,36,51A,AP1,MT1,MT4,N2",,
12635,"103,26,36,51A,AP1,MT1,MT4,N2",,
12634,"103,26,36,51,51A,51B,59,AP1,MT1,MT4,N2",,
12638,"15T,52,55",,
12639,"15T,52,55",,
12641,"102,52,55,71,73,H3,N6",,
12648,"10,102,10B,1A,28B,29,3A",,
12647,102,,
12650,"10,10B,1A,28B,29,3A",,
12646,"10,10B,1A,28B,29,3A",,
12652,"101,1A,32,3X,51A,5X,61,H2,MT4,N2",,
12653,"101,1A,32,3X,51A,5X,61,H2,MT4,N2",,
12666,N3,,
12672,"102,15,21A,21AT,25,25B,25BS,26,26A,50,701X,H3,N3,N6",,
12671,"102,15,21A,21AT,25,25B,25BS,26,26A,50,701X,H3,N3,N6",,
12677,"102,15,21A,21AT,25,25B,25BS,26,26A,50,701X,H3,N6",,
12678,"102,15,21A,21AT,25,25B,25BS,26,26A,50,701X,H3,N6",,
12687,N3,,
12689,H3,,
12692,N3,,
12693,H3,,
12695,"52,55",,
12696,"52,55",,
12702,"52,55",,
12720,37,,
12721,37,,
12723,37,,
12722,37,,
12725,"35,50B,51,59,MT4",,
12724,"35,50B,51,59,MT4",,
12726,"35,50B,51,59,MT4",,
12727,"35,50B,51,59,MT4",,
12730,"35,50B,51,59,MT4",,
12731,"35,50B,51,59,MT4",,
12733,"35,50B,51,59,MT4",,
12732,"35,50B,51,59,MT4",,
12736,"17S,60",,
12739,"101,1A,32,3X,51A,5X,61,H2,MT4,N2",,
12741,"101,32,3X,51A,5X,61,MT4,N2",,
12742,"101,32,3X,51A,5X,61,71S,MT4,N2",,
12745,"1A,71S,H2",,
12748,"101,1A,23,26A,27,28B,8,H2,N1B",,
12747,"101,1A,23,26A,27,28B,8,H2,N1B",,
12749,"1A,H2",,
12751,71S,,
12750,"1A,71S,H2",,
12752,"101,1A,51A,61,H2,MT4",,
12758,"102,52,55,71,71S,72,73,H3",,
12757,"102,52,55,71,71S,72,73",,
12760,"102,22,23,25AX,25B,28A,29,32,39,3A,3BX,50,50B,6B,73,H1,H3,MT1,MT2,MT5,N1B,N2",,
12761,"102,22,23,25,25AX,25B,28A,29,2AS,32,39,3A,3AX,3BX,50,50B,6B,73,H1,H3,MT1,MT2,MT5,N1B,N2",,
12763,"101XS,102,11,21A,21AT,22,23,25,25AX,25B,26A,28A,29,2AS,33,39,3A,3AX,3BX,50,50B,73,H3,MT1,MT2,MT5,N1A",,
12762,"101XS,102,11,21A,21AT,22,23,25AX,25B,26A,28A,29,33,39,3A,3BX,50,50B,73,H3,MT1,MT2,MT5,N1A",,
12759,"25,2AS,3AX",,
12765,"23,28B,8,H2",,
12768,"28B,29,8,8A",,
12764,H2,,
12776,"12,23,29,39,3A,3AX,50,50B,60,65,7,8,MT1,MT2,MT5",,
12777,"29,50B,7,MT1,MT2,N1A,N2",,
12778,"29,50,50B,60,7,MT1,MT2,N1A,N2",,
12774,"50,60",,
12780,"12,23,29,39,3A,3AX,50,50B,60,65,7,8,MT1,MT2,MT5",,
12781,"12,23,29,39,3A,3AX,50B,60,65,7,8,MT1,MT2,MT5",,
12782,"17S,1A,39,50",,
12783,"17S,1A,39",,
12779,50,,
12784,29,,
12786,28C,,
12785,"28C,29",,
12787,"10,10B,22,25,25B,28A,28B,28C,29,3,32,5,6A,6B,8,H3,N2",,
12788,"10,10B,22,25,25B,28A,28B,28C,3,32,5,6A,6B,8,H3,N2",,
12791,"17,17T",,
12793,"17,17T",,
12792,"17,17T",,
12797,"1,101,16,16S,17,25,28C,3,3X,5,65,9A",,
12796,"1,101,16,16S,17,25,28C,3,3X,5,65,9A",,
12798,"1,101,16,16S,17,25,28C,3,3X,5,65,9A",,
12801,"1,101,16,16S,17,25,28C,3,3X,5,65,9A",,
12800,"1,101,16,16S,17,25,28C,3,3X,5,65,9A",,
12806,"1,10,11,18,18B,2,21A,21AT,26,26AT,5,55,60,61,65,71S,9,MT4,N3",,
12807,"1,10,11,18,18B,2,21A,21AT,26,5,60,61,65,6B,9",,
12811,"1,10,11,18,18B,2,21A,21AT,26,5,60,61,65,6B,9",,
12812,"26AT,55,71S,MT4,N3",,
12809,"26AT,55,71S,MT4,N3",,
12816,"1,10,11,18,18B,2,21A,21AT,26,26AT,5,55,60,61,65,71S,9,MT4,N3",,
12822,"1,10,11,16S,18,2,21A,26,28B,5,55,60,61,65,6B,71S,MT4,N3",,
12826,"55,71S,MT4,N3",,
12827,"16S,28B",,
12833,"55,71S,MT4,N3",,
12836,"28C,6A,6B,H1,H2,H3",,
12837,"28C,6A,6B,H1,H2,H3",,
12838,"28C,6A,6B,H1,H2,H3",,
12846,"28C,6A,6B,H1,H2,H3",,
12845,"28C,6A,6B,H1,H2,H3",,
12848,"16,16S,25B,65,N1A",,
12849,"16,16S,25B,5X,65,N1A",,
12851,"101,1A,26,26A,28B,32,33,4,5X,8,8A,H2,N1A,N2",,
12850,"101,1A,26,26A,28B,32,33,4,8,8A,H2,N1A,N2",,
12847,5X,,
12854,"28B,29,8,8A,H2",,
12853,"28B,8,H2",,
12855,"23,28B,8",,
12852,"29,8A",,
12859,"23,27",,
12858,"23,27",,
12861,"28B,8,H2",,
12860,"28B,8,H2",,
12868,"23,27,29,8A",,
12867,"23,27,29,8A",,
12869,"27,29,8A,H2",,
12872,"23,27,3X,51A,61,8A,MT4,N1A,N1B,N2",,
12871,"23,27,3X,51A,61,8A,MT4,N1A,N1B,N2",,
12874,"17T,51A,5X,61,8A,H2,MT4,N1A,N1B,N2",,
12873,"17T,51A,5X,61,8A,H2,MT4,N1A,N1B,N2",,
12876,"32,51A,5X,N2",,
12877,"32,51A,5X,N2",,
12878,"4,51A",,
12879,"4,51A",,
12880,"23,27,3X,51A,61,8A,MT4,N1A,N1B,N2",,
12883,"17T,29,51A,61,9A,AP1,MT4",,
12882,"17T,29,51A,61,9A,AP1,MT4",,
12886,"26,36,51A,51B,AP1,MT1,N2,N5,N6",,
12887,"26,36,51A,51B,AP1,MT1,N2,N5,N6",,
12896,"29,8A",,
12897,"23,28B,29,8,8A",,
12899,"27,29,8A",,
12898,"23,27,28B,29,8,8A",,
12895,"23,28B,8",,
12901,"27,29,8A,H2",,
12902,"27,29,8A,H2",,
12904,"23,27,29,8A,H2",,
12903,"23,27,29,8A,H2",,
12907,71S,,
12909,"102,52,55,71,71S,73",,
12908,"102,52,55,71,73",,
12905,71S,,
12910,"10,1A,2,28B,29,34,6A,H2",,
12912,"10,12,19,1A,2,22,27,28B,29,34,6A,7,H2,MT3",,
12914,"10,12,19,1A,2,22,27,28B,29,34,6A,7,H2,MT3",,
12917,MT3,,
12919,MT3,,
12921,"10,12,19,1A,2,22,28B,29,34,6A,7,H2",,
12922,"10,12,19,1A,2,22,27,28B,29,34,6A,7,H2,MT3",,
12927,"27,MT3",,
12930,"27,MT3",,
12932,"27,MT3",,
12935,"27,MT3",,
12936,"27,MT3",,
12939,MT3,,
12941,MT3,,
12940,MT3,,
12943,27,,
12944,27,,
12945,27,,
12952,"10B,27",,
12951,10B,,
12953,MT3,,
12954,"27,MT3",,
12950,27,,
12956,"25B,35,50,51,59,H3,MT4,N5",,
12959,"25B,35,50,51,59,H3,MT4,N5",,
12965,"35,50B,51,59,701X,MT4,N5",,
12966,"35,50B,51,59,MT4",,
12967,"35,51,59,MT4,N5",,
12970,"21AT,25B,26A,26AT,30X,35,72,MT1,MT3",,
12969,"21AT,25B,26A,26AT,30X,35,72,MT1,MT3",,
12973,"1,10,11,18,18B,2,21A,21AT,26,26AT,3A,5,61,71S,MT4,N3",,
12974,"1,10,11,18,18B,2,21A,21AT,26,26AT,3A,5,61,71S,MT4,N3",,
12975,"10,1A,2,28B,29,34,6A,H2",,
12977,"10,1A,2,28B,29,34,6A,H2",,
12978,"10,1A,2,28B,29,34,6A,H2",,
12980,"17,17S,1A,23,3AX,50,60,N1A",,
12989,"16,9",,
7405,"16,9",,
12988,"16,9",,
12990,"17,17S,1A,23,3AX,50,60,N1A",,
12991,"17,17S,1A,23,3AX,50,60,N1A",,
12997,"35,51,59,MT4,N5",,
13000,"35,51,59,701X,MT4,N5",,
13001,"35,50B,51,59,701X,MT4",,
13003,"35,51,59,MT4,N5",,
13004,"35,51,59,MT4,N5",,
13011,"21AT,25B,26A,26AT,35,71S,72,MT1,MT3",,
13012,"21AT,25B,26A,26AT,35,71S,72,MT1,MT3",,
13015,"16,16S,25B,34",,
13016,27,,
13017,"27,29,9A,AP1",,
13013,"29,9A,AP1",,
13018,"51A,72",,
13019,"51A,72",,
13020,"15,21A,25,25AX,25BS,26,26A,26AT,51B,56,MT4,N3",,
13021,"15,21A,25,25AX,25BS,26,26A,26AT,51B,56,MT4,N3",,
13023,"15,21A,25,25AX,25BS,26,26A,26AT,51B,56,MT4,N3",,
13022,"15,21A,25,25AX,25BS,26,26A,26AT,51B,56,MT4,N3",,
13024,50,,
13025,50,,
13027,"12,18A,22,8",,
13028,"12,18A,19,22,8",,
13030,"17,18B,23,25,25B,5X",,
13029,"17,18B,19,23,25,25B,5X",,
13026,19,,
13032,"17T,51A,5X,61,8A,H2,MT4,N1A,N1B,N2",,
13033,"17T,51A,5X,61,8A,H2,MT4,N1A,N1B,N2",,
13035,"23,27,3X,51A,61,8A,MT4,N1A,N1B,N2",,
13034,"23,27,3X,51A,61,8A,MT4,N1A,N1B,N2",,
13039,"1A,71S,H2",,
13040,1A,,
13041,"71S,H2",,
13042,"71S,H2",,
13043,"101,1A,32,3X,51A,5X,61,H2,MT4,N2",,
13044,"101,1A,32,3X,51A,5X,61,H2,MT4,N2",,
13045,"101,1A,32,3X,51A,5X,61,H2,MT4,N2",,
13046,"101,1A,32,3X,51A,5X,61,H2,MT4,N2",,
13048,"101,1A,32,3X,51A,5X,61,H2,MT4,N2",,
13051,"101,1A,32,3X,51A,5X,H2,MT4,N2",,
13052,"101,1A,32,3X,51A,5X,61,H2,MT4,N2",,
13053,"101,1A,32,3X,51A,5X,H2,MT4,N2",,
13054,"10,10B,1A,28A,28B,28C,29,3,32",,
13055,"10,10B,1A,28A,28B,28C,29,3,32",,
13057,"10,10B,1A,23,28A,28B,28C,29,3,32",,
13056,"10,10B,1A,23,28A,28B,28C,29,3,32",,
13060,15T,,
13059,"15T,21A,26A,N3",,
13061,"15T,21A,26A,N3",,
13062,15T,,
13058,"21A,26A,N3",,
13064,"21A,26A,N3",,
13063,"21A,26A,N3",,
13067,"25B,30,34,9",,
13069,"25B,30,34,9",,
13068,"25B,30,34,9",,
13071,"27,30,65",,
13072,"27,30,65",,
13073,"25B,9",,
13074,"25B,9",,
13077,25B,,
13078,25B,,
13080,"102,51A,N6",,
13081,"102,51A,N6",,
13086,"15,21A,25,25AX,25BS,26,26A,26AT,51B,56,MT4,N3",,
13085,"15,21A,25,25AX,25BS,26,26A,26AT,51B,56,MT4,N3",,
13087,"25B,35,50,51,59,701X,H3,MT4,N5",,
13091,"18A,27,2A,7",,
13092,"18A,27,7",,
13097,"102,15,21A,21AT,25,25B,25BS,26,26A,50,701X,H3,N6",,
13103,"15,21A,21AT,25,25AX,25B,25BS,26,26A,26AT,51B,56,MT4,N3",,
13104,"15,21A,21AT,25,25AX,25B,25BS,26,26A,26AT,51B,56,MT4,N3",,
13106,26,,
13108,26,,
13109,"1,10,11,18,18B,2,21A,21AT,26,5,61",,
13112,"1,10,11,18,18B,2,21A,21AT,5,61",,
13115,"1,10,11,18,18B,2,21A,21AT,5,61",,
13117,"1,10,11,18,18B,2,21A,21AT,5,61",,
13119,"1,10,11,18,18B,2,21A,21AT,5,61",,
13118,"1,10,11,18,18B,2,21A,21AT,5,61",,
13120,"1,10,11,18,18B,2,21A,21AT,26,26AT,5,55,60,61,65,71S,9,MT4,N3",,
13121,"1,10,11,18,18B,2,21A,21AT,26,26AT,5,55,60,61,65,71S,9,MT4,N3",,
13122,"1,10,11,18,18B,2,21A,21AT,26,26AT,5,55,60,61,65,71S,9,MT4,N3",,
13130,"1,10,11,18,18B,2,21A,21AT,5,61",,
13132,"21AT,61",,
13133,"1,10,11,18,18B,2,21A,21AT,5,61",,
13129,"1,10,11,18,18B,2,21A,5",,
13136,"1,10,11,16S,18,2,21A,26,28B,5,55,60,61,65,6B,71S,MT4,N3",,
13134,"18B,21AT",,
13140,"15T,21A,26A,N3",,
13142,"15T,21A,26A,N3",,
13141,"21A,N3",,
13145,"21A,25,26,26A,50,59,N3",,
13146,"21A,25,26,26A,50,59,N3",,
13151,"21A,25,26,26A,50,59,N3",,
13157,"21A,25,26,26A,50,N3",,
13165,"21A,25,26,26A,50,59,N3",,
13166,"21A,25,26,26A,50,N3",,
13168,59,,
13167,59,,
13170,"21A,26A,50,N3",,
13169,"21A,26A,50,N3",,
13171,"25,26",,
13172,"25,26",,
13177,"26,36,51,51A,59,AP1",,
13182,"26,37",,
13188,"15,21A",,
13189,"15,21A",,
13197,"15,21A",,
13200,"15,21A",,
13203,"101,51A,61,MT4",,
13202,"101,51A,61,71S,MT4",,
13204,"1A,H2",,
13205,"1A,71S,H2",,
13201,71S,,
13209,"10,10B,1A,28A,28B,28C,29,3,32",,
13208,"10,10B,1A,28A,28B,28C,29,3,32",,
13210,"21AT,51A,701X,71S,72",,
13211,"21AT,51A,701X,71S,72",,
13212,"102,25AX,27,30,34,3AX,3BX,51A,AP1,MT3",,
13213,"25AX,27,3AX,3BX,AP1",,
13215,"101,101XS,25AX,30X,3AX,3BX,51,51B,59",,
13216,"101,101XS,25AX,30X,3AX,3BX,51,51B,59",,
13218,"3X,51A,61,MT4",,
13217,"3X,51A,61,MT4",,
13221,"101,101XS,51B",,
13222,"25AX,27,3AX,3BX,AP1",,
13223,"25AX,27,3AX,3BX,AP1",,
13225,"25B,35,51,59,701X,H3,MT4,N5",,
13226,"25B,35,51,59,701X,H3,MT4,N5",,
13227,"25B,35,50,51,59,H3,MT4,N5",,
13233,"50,N5",,
13232,50,,
13241,N5,,
13243,N5,,
13239,N5,,
13245,"50,701X,N5",,
13246,50,,
13248,"35,51,59,701X,MT4,N5",,
13251,"10,101,101XS,11,18A,19,2,21A,26A,3,33,3A,3X,4,5,6A,8A,N1A,N3",,
13252,"10,101,101XS,11,18A,19,2,21A,26A,3,33,3A,3X,4,5,6A,8A,N1A,N3",,
13256,"17,6A,6B",,
13255,"17,6A,6B",,
13269,"15,15T,21A",,
13268,"15T,21A",,
13270,"15,15T,21A",,
13271,"15T,21A",,
13267,15,,
13273,"15,15T",,
13279,15,,
13280,"15,15T",,
13281,"15,15T",,
13287,"102,25B,25BS,50,701X,N6",,
13302,"701X,N6",,
13309,"102,25B,25BS,50,701X,N6",,
13310,"102,25B,25BS,50,701X,N6",,
13311,"102,25B,25BS,50,701X,N6",,
13314,"71,71S,72",,
13316,"102,25B,25BS,50,701X,N6",,
13322,"102,25B,25BS,50,701X,N6",,
13323,"102,25B,25BS,50,701X,N6",,
13325,"102,25B,25BS,50,701X,N6",,
13327,"102,25B,25BS,50,701X,N6",,
13328,"102,25B,25BS,50,701X,N6",,
13330,"102,25B,25BS,50,701X,N6",,
13329,"102,25B,25BS,50,701X,N6",,
13331,"102,25B,25BS,50,701X,N6",,
13333,"102,25B,25BS,50,701X,N6",,
13334,"102,25B,25BS,50,701X,N6",,
13336,"701X,71,71S,72,73,N6",,
13337,"71,71S,72,73,N6",,
13339,"71,71S,72,73,N6",,
13338,"701X,71,71S,72,73,N6",,
13335,"701X,N6",,
13342,25B,,
13341,"25B,701X",,
13343,"15,21A,21AT,25,25AX,25B,25BS,26,26A,26AT,51B,56,MT4,N3",,
13344,"15,21A,21AT,25,25AX,25B,25BS,26,26A,26AT,51B,56,701X,MT4,N3",,
13340,701X,,
13345,701X,,
13347,N5,,
13346,"701X,N5",,
13351,"73,N6",,
13353,N6,,
13354,"701X,N6",,
13350,701X,,
13357,"1,10,11,18,18B,2,21A,21AT,26,26AT,5,55,60,61,65,71S,9,MT4,N3",,
13359,"18B,21AT",,
13358,"18B,21AT",,
13360,"1,10,11,16S,18,18B,2,21A,21AT,26,28B,5,55,60,61,65,6B,71S,MT4,N3",,
13364,"101,1A,32,3X,51A,5X,H2,MT4,N1B,N2",,
13366,61,,
13362,61,,
13369,"12,28A,3,60",,
13368,"12,28A,3",,
13371,"10,102,10B,12,17S,1A,28A,28B,29,3,32,3A,56,AP1,N1A",,
13370,"10,102,10B,12,17S,1A,28A,28B,29,3,32,3A,56,60,AP1,N1A",,
13367,60,,
13374,"1,10,11,18,18B,2,21A,21AT,26,5,61",,
13373,"1,10,11,18,18B,2,21A,21AT,26,5,60,61,65,9",,
13376,"1,10,11,18,18B,2,21A,21AT,26,5,55,60,61,65,71S,9,MT4,N3",,
13375,"1,10,11,18,18B,2,21A,21AT,26,5,55,61,71S,MT4,N3",,
13372,"60,65,9",,
13378,"25B,5X,65",,
13379,"25B,5X",,
13381,"102,25AX,2AS,3BX,65,73,N1B",,
13380,"102,25AX,2AS,3BX,73,N1B",,
13377,65,,
13383,"10,12,1A,23,28A,28B,3,32,3A,56,60,65,N2",,
13384,"10,12,1A,23,28A,28B,3,32,3A,56,60,65,N2",,
13385,"23,56,5X,65",,
13386,"23,56,5X",,
13382,65,,
13388,"23,29,50B,65,7,MT1,MT2,N1A,N2",,
13387,"23,29,3AX,50B,65,7,MT1,MT2,N1A,N2",,
13391,"1,10,11,18,18B,2,21A,21AT,26,26AT,5,55,60,61,65,71S,9,MT4,N3",,
13392,"18B,21AT",,
13393,"1,10,11,18,18B,2,21A,21AT,26,26AT,5,55,60,61,65,6B,71S,9,MT4,N3",,
13395,"1,10,11,18,18B,2,21A,21AT,26,26AT,5,55,60,61,65,6B,71S,9,MT4,N3",,
13397,"1,10,11,18,18B,2,21A,21AT,26,26AT,5,55,60,61,65,6B,71S,9,MT4,N3",,
13399,"15,21A,25,25AX,26,26A,26AT,50,51,51A,51B,56,59,H3,MT4,N3,N5",,
13401,25B,,
13402,"25B,35,H3",,
13404,"25B,35,50,51,59,H3,MT4,N5",,
13405,"25B,50,51,59,MT4,N5",,
13407,"15,21A,25,25AX,26,26A,26AT,35,50,51,51A,51B,56,59,H3,MT4,N3,N5",,
13406,"15,21A,25,25AX,26,26A,26AT,50,51,51A,51B,56,59,H3,N3,N5",,
13409,"35,H3",,
13408,"35,H3",,
13411,"35,50,H3,MT4,N5",,
13410,"35,50,H3,MT4,N5",,
13419,"25B,35,50,51,59,701X,H3,MT4,N5",,
13418,"25B,51,59,701X,H3",,
13421,"25B,35,50,51,59,H3,MT4,N5",,
13420,"25B,50,51,59,H3,MT4,N5",,
13417,"35,50,MT4,N5",,
13423,"23,26,32,5X,8A,N2",,
13424,"23,26,32,5X,8A,N2",,
13425,4,,
13429,9,,
13428,9,,
13431,"18,18B,21AT,6B,N2",,
13430,"18,18B,21AT,6B,N2",,
13436,"1,10,11,16S,18,18B,2,21A,21AT,26,28B,5,55,60,61,65,71S,9,MT4,N3",,
13437,9,,
13434,9,,
13441,102,,
13440,"102,H3",,
13443,H3,,
13439,H3,,
13453,"21A,25,26,26A,26AT,50,51,51A,52,55,56,59,H3,N3,N5",,
13454,"11,21AT,26AT,35,36,52,71,73,MT2,N2,N3,N5",,
6365,"102,11,21A,22,25,25AX,25B,26A,28A,33,39,50,50B,H3,MT1,MT5,N2,N3",,
7357,"11,21AT,26AT,35,36,52,71,73,MT2,N5",,
6374,"11,21AT,26AT,52,71,73,MT2,N2,N3,N5",,
7331,"102,11,21A,22,25,25AX,25B,26A,28A,33,39,50,50B,H3,MT1,MT5",,
13457,"102,11,21A,21AT,22,25,25AX,25B,26A,26AT,28A,33,39,50,50B,52,71,73,H3,MT1,MT2,MT5,N2,N3,N5",,
13456,"102,11,21A,21AT,22,25,25AX,25B,26A,26AT,28A,33,35,36,39,50,50B,52,71,73,H3,MT1,MT2,MT5,N2,N3,N5",,
6133,"11,21AT,26AT,52,71,73,MT2,N2,N3,N5",,
13455,"11,21AT,26AT,52,71,73,MT2,N2,N3,N5",,
13463,N3,,
13464,N3,,
13468,N3,,
13469,"11,37",,
13470,"11,37",,
13472,"102,52,55,71,73,H3,N6",,
13471,"102,52,55,71,73,H3,N6",,
13480,"11,30,36",,
13479,"11,30,36,39",,
13482,"30,37,39,MT5",,
13481,"30,37,MT5",,
13478,39,,
13484,"35,50B,51,59,701X,MT4,N5",,
13483,"35,50B,51,59,701X,MT4,N5",,
13485,"35,50B,51,59,701X,MT4",,
13486,"35,50B,51,59,701X,MT4",,
13488,"35,51,59,701X,MT4",,
13489,"35,50B,51,59,701X,MT4",,
13490,"35,51,59,MT4,N5",,
13491,"35,50B,51,59,MT4,N5",,
13487,50B,,
13493,"21A,25,26,26A,50,59,N3",,
13492,15T,,
13501,"15,15T",,
13497,"15,15T",,
13504,15,,
13506,"15,15T",,
13505,15,,
13502,15T,,
13509,"15,15T,21A,25,25AX,26,26A,26AT,50,51,51A,51B,52,55,56,59,H3,N3,N5",,
13508,"15,21A,25,25AX,26,26A,26AT,50,51,51A,51B,52,55,56,59,H3,N3,N5",,
13511,15,,
13510,"15,15T",,
13507,15T,,
13512,15T,,
13515,"21A,25,26,26A,50,59,N3",,
13516,"15T,21A,25,26,26A,50,59,N3",,
13519,"15,15T",,
13520,15T,,
13517,15T,,
13523,"12,17T,18,18A,18B,19,2,22,25,25B,2A,4,7,8,8A,9,9A,H2",,
13522,"12,17T,18,18A,18B,19,2,22,25,25B,2A,4,7,8,8A,9,9A,H2",,
13526,"21AT,25B,25BS,26A,26AT,30X,35,MT1,MT3",,
13528,"21AT,25B,25BS,26A,26AT,35,71S,72,MT1,MT3",,
13530,"23,27,8A",,
13531,"23,27,29,8A",,
13532,"17T,51A,61,8A,H2,MT4,N1A,N1B,N2",,
13533,"17T,29,51A,61,8A,H2,MT4,N1A,N1B,N2",,
13529,29,,
13535,"17,28C,30,51A",,
13534,"17,28C,30,51A",,
13538,"17,4,8A",,
13537,"17,17T,4,8A",,
13540,4,,
13543,"17T,4",,
13542,4,,
13545,17T,,
13541,17T,,
13536,17T,,
13547,"17,17T,18,18A,18B,19,26,8A",,
13548,"17,17T,18,18A,18B,19,26,8A",,
13549,"17,17T",,
13550,"17,17T",,
13552,"23,32,6B,9,9A,N2",,
13553,"23,32,6B,9,9A,N2",,
13554,"18,18B,21AT,28B",,
13555,"18,18B,21AT,28B",,
13558,"10,102,10B,1A,28B,29,3A",,
13560,"10,102,10B,1A,28B,29,3A",,
13559,"10,102,10B,1A,28B,29,3A",,
13564,"101XS,102,12,25AX,2AS,39,3A,3BX,50,5X,73,8,MT5",,
13565,"101XS,102,12,25AX,2AS,39,3A,3BX,50,5X,73,8,MT5",,
13567,"17,28C,6A,6B,H1",,
13566,"17,28C,6A,6B,H1",,
13569,"101,51A,61,71S,MT4",,
13568,"101,51A,61,71S,MT4",,
13573,"51,51B,59",,
13575,"51,51B,59",,
13576,"51,51B,59",,
13578,"103,26,36,51A,AP1,MT1,MT4,N2",,
13580,"51,51B,59",,
13577,"51,51B,59",,
13583,"12,17S,3A,60,8",,
13582,"12,17S,3A,60,8",,
13585,"12,17,17S,3A,3AX,60,8",,
13588,"12,17S,3A,3AX,5X,60,8,N2",,
13587,"12,17S,3A,3AX,5X,60,8,N2",,
13598,"12,17,17S,3A,3AX,60,8",,
13597,"12,17,17S,3A,3AX,60,8",,
13600,"12,17S,3A,3AX,5X,60,8,N2",,
13601,"12,17S,3A,3AX,5X,60,8,N2",,
13604,"51A,701X,71S",,
13603,"21AT,51A,701X,71S,72",,
13605,"21AT,72",,
13602,"21AT,72",,
13614,"101,101XS,102,103",,
13616,"101,101XS,102,103",,
13612,"101,101XS,102,103",,
13629,103,,
13631,"103,26,36,51,51A,51B,59,AP1,MT1,MT4,N2",,
13630,"26,36,51,51A,51B,59,AP1,MT1,MT4,N2",,
13634,"103,26,36,51,51A,51B,59,AP1",,
13633,"26,36,51,51A,59,AP1",,
13635,"101,101XS,102,103",,
13638,"16,16S,25B,29,34,9A,AP1",,
13640,"16,16S,25B,29,34,9A,AP1",,
13641,"16,16S,25B,29,34",,
13642,"9A,AP1",,
13643,"9A,AP1",,
13646,"71,71S,72,N6",,
13645,"71,71S,72,N6",,
13647,"102,25B,25BS,50,701X,N6",,
13648,"102,25B,25BS,50,701X,N6",,
13651,"701X,71,71S,72,73,N6",,
13653,"701X,71,71S,72,73,N6",,
13655,"701X,73,N6",,
13656,"701X,73,N6",,
13657,"701X,73,N6",,
13658,"701X,73,N6",,
13660,"701X,N6",,
13662,"701X,71,71S,72,73,N6",,
13663,"701X,71,71S,72,73,N6",,
13666,"102,25B,25BS,50,701X,N6",,
13665,"102,25B,25BS,50,701X,N6",,
13668,"701X,N6",,
13667,"701X,N6",,
13670,"102,25B,25BS,50,701X,N6",,
13671,"102,25B,25BS,50,701X,N6",,
13672,"102,25B,25BS,50,701X,N6",,
13673,"102,25B,25BS,50,701X,N6",,
13674,"21A,26A,N3",,
13675,"21A,26A,N3",,
13677,"21A,26A,N3",,
13679,"21A,26A,N3",,
13681,"15,21A",,
13680,"15,21A",,
13682,21A,,
13683,21A,,
13687,"17T,29,51A,61,9A,AP1,MT4",,
13686,"17T,29,51A,61,9A,AP1,MT4",,
13689,"10,101,101XS,11,18A,19,2,21A,26A,3,33,3A,3X,4,5,6A,8A,N1A,N3",,
13688,"10,101,101XS,11,18A,19,2,21A,26A,3,33,3A,3X,4,5,6A,8A,N1A,N3",,
13691,"50,701X,N5",,
13690,"50,701X,N5",,
13695,"10,102,10B,17,17S,18,18B,1A,2,28B,29,2A",,
13696,"10,102,10B,17,17S,18,18B,1A,2,28B,29,2A,6A,H2",,
13698,"10,102,10B,17,17S,18,18B,1A,2,28B,29,2A,6A,H2",,
13697,"10,102,10B,17,17S,18,18B,1A,2,28B,29,2A",,
13700,"6A,H2",,
13703,"101,101XS,51B",,
13706,"30X,51,59",,
13705,"30,30X,34,51,51A,59,MT3",,
13708,"102,2A",,
13704,"30,34,51A,MT3",,
13712,"101,101XS,102,2A,51B",,
13716,"101,102,2A,51B",,
13715,"101,102,2A,51B",,
13720,"101,102,2A,51B",,
13722,"101,101XS,102,103",,
13725,"101,101XS,102,103",,
13727,"101,101XS,102,2A,51B",,
13737,"101,102,2A,51B",,
13733,"101XS,103",,
13739,"103,10B,17S,18,18B,27,2AS,3A,51A,73,AP1,N1A",,
13740,"103,10B,17S,18,18B,27,2AS,3A,51A,73,AP1,N1A",,
13742,"17S,18A,2A,30X,3A",,
13741,"17S,18A,2A,30X,3A",,
13744,"101,101XS,102,2A,51B",,
13745,"101,101XS,102,103,2A,51B",,
13747,103,,
13743,103,,
13750,"102,25AX,34,3AX,3BX,51A",,
13752,"2AS,34,51,51A,59,73,MT3",,
13751,"2AS,51,59,73,MT3",,
13757,"1,10,11,18,18B,2,21A,21AT,26,26AT,5,55,60,61,65,71S,9,MT4,N3",,
13756,"1,10,11,18,18B,2,21A,21AT,26,26AT,5,55,60,61,65,6B,71S,9,MT4,N3",,
13758,"1,10,11,18,18B,2,21A,21AT,26,26AT,5,55,60,61,65,6B,71S,9,MT4,N3",,
13759,"1,10,11,18,18B,2,21A,21AT,26,26AT,5,55,60,61,65,71S,9,MT4,N3",,
13755,6B,,
13762,"16S,28B",,
13761,"16S,28B,6B",,
13764,"1,10,11,16S,18,18B,2,21A,21AT,26,28B,5,55,60,61,65,71S,MT4,N3",,
13763,"1,10,11,16S,18,18B,2,21A,21AT,26,28B,5,55,60,61,65,6B,71S,MT4,N3",,
13760,6B,,
13766,"101XS,103,17S,25AX,2AS,3AX,3BX,73,AP1,N1A",,
13767,"103,17S,25AX,2AS,3AX,3BX,73,AP1,N1A",,
13769,"101XS,103,25AX,30,30X,3A,3AX,3BX,AP1,N1B",,
13768,"103,25AX,30,30X,3A,3AX,3BX,AP1,N1B",,
13765,101XS,,
13770,"10,102,10B,17,17S,18,18B,1A,2,28B,29,2A",,
13771,"10,102,10B,17,17S,18,18B,1A,2,28B,29,2A",,
13772,"6A,H2",,
13773,"6A,H2",,
13775,"27,MT3",,
13774,"27,MT3",,
13776,"27,MT3",,
13777,"27,MT3",,
13779,"18,18A,18B,2,2A,6A,H2",,
13782,"10,18,18A,18B,1A,2,28B,29,2A,34,6A,H2",,
13781,"10,1A,2,28B,29,34,6A,H2",,
13778,"18,18A,18B,2,2A,6A,H2",,
13784,"102,52,55,71,71S,73,H3",,
13785,"102,52,55,71,71S,73,H3,N6",,
13786,"102,71S,72",,
13787,"102,71S,72,N6",,
13783,N6,,
13791,"102,52,55,71,71S,72,73,H3",,
13792,"102,52,55,71,71S,73,H3",,
13788,72,,
13799,72,,
13802,"102,52,55,71,73,H3",,
13801,"102,52,55,71,73,H3,N6",,
13798,N6,,
13803,"72,N6",,
13805,"72,N6",,
13807,"72,N6",,
13808,"102,52,55,71,71S,73,H3,N6",,
13809,"102,52,55,71,71S,73,H3,N6",,
13812,N3,,
13810,"21A,26A",,
13814,"21A,26A,N3",,
13813,"21A,26A,N3",,
13816,"1,10,101,18,29,34,9,9A,N1A",,
13815,"1,10,101,18,29,34,9,9A,N1A",,
13819,"21AT,25B,26A,26AT,35,71S,72,MT1,MT3",,
13818,71S,,
13820,"102,25B,26A,35,72,H3,MT1,MT3,N6",,
13824,"102,52,55,71,73,H3,N6",,
13823,"102,52,55,71,73",,
13826,"21AT,25B,26A,26AT,30X,35,72,MT1,MT3",,
13825,30X,,
13829,"102,52,55,71,71S,73,H3,N6",,
13828,"102,52,55,71,71S,73,H3,N6",,
13831,"21AT,26AT,55,71,71S,73",,
13833,"30X,52",,
13834,"102,25B,26A,30X,35,52,72,H3,MT1,MT3,N6",,
13835,"102,H3,N6",,
13836,102,,
13839,"H3,N6",,
13840,"H3,N6",,
13837,"H3,N6",,
13845,"102,30X,52,55,71,71S,73,H3,N6",,
13846,"30X,52,55,71,71S,73",,
13842,"102,H3,N6",,
13848,"102,25B,26A,35,72,H3,MT1,MT3,N6",,
13849,"102,25B,26A,35,72,H3,MT1,MT3,N6",,
13851,"21AT,26AT,52,55,71,71S,73",,
13850,"52,55,71,71S,73",,
13856,"21AT,25B,26A,26AT,35,72,MT1,MT3",,
13852,"21AT,25B,26A,26AT,35,72,MT1,MT3",,
13859,"25B,26A,35,72,MT1,MT3",,
13858,"21AT,25B,26A,26AT,35,72,MT1,MT3",,
13861,"21AT,26AT",,
13857,"21AT,26AT",,
13864,"21AT,26AT,55,71,71S,73",,
13863,"55,71,71S,73",,
13865,"21AT,25B,26A,26AT,35,72,MT1,MT3",,
13866,"25B,26A,35,72,MT1,MT3",,
13862,"21AT,26AT",,
13869,8,,
13871,8,,
13867,8,,
13874,"60,N1A,N2",,
13875,"60,N1A,N2",,
13872,"60,N1A,N2",,
13878,"1,10,11,16,16S,2,21A,26,5,55,60,61,65,6B,71S,MT4,N3",,
13879,"1,10,11,16,16S,2,21A,26,5,55,60,61,65,6B,71S,MT4,N3",,
13881,"1,10,11,18,18B,2,21A,21AT,26,26AT,3A,5,55,60,61,65,6B,71S,MT4,N3",,
13880,"1,10,11,18,18B,2,21A,21AT,26,26AT,3A,5,55,60,61,65,6B,71S,MT4,N3",,
13882,"26A,35,MT1",,
13884,"25B,25BS,26AT,MT3",,
13885,"25B,25BS,26A,26AT,35,71S,MT1,MT3",,
13886,"25B,25BS,26AT,71S,MT3",,
13888,"21AT,25B,25BS,26A,26AT,30X,35,72,MT1,MT3",,
13889,"21AT,25B,25BS,26A,26AT,30X,35,MT1,MT3",,
13890,"51A,72",,
13893,"25B,25BS,26A,26AT,35,MT1,MT3",,
13894,"25B,25BS,26A,26AT,35,51A,MT1,MT3",,
13896,"51A,72",,
13895,72,,
13892,51A,,
13904,"102,25B,26A,30X,35,52,72,H3,MT1,MT3,N6",,
13903,"102,25B,26A,30X,35,52,72,H3,MT1,MT3,N6",,
13906,"102,25B,26A,30X,35,52,72,H3,MT1,MT3,N6",,
13905,"102,25B,26A,30X,35,52,72,H3,MT1,MT3,N6",,
13909,"15,22,26,28A,30,33,34,52,MT4,N5",,
13910,"15,22,26,28A,30,33,34,52,MT4,N5",,
13911,"15,22,26,28A,30,33,34,52,MT4,N5",,
13917,"15,22,26,28A,30,33,34,35,36,52,MT2,MT4,N5",,
13916,"15,22,26,28A,30,33,34,35,36,52,MT2,MT4,N5",,
13918,"15,22,26,28A,30,33,34,52,MT4,N5",,
13919,"15,22,26,28A,30,33,34,52,MT4,N5",,
13921,"101,1A,32,3X,51A,5X,61,H2,MT4,N1B,N2",,
13922,"101,1A,26,26A,32,3X,51A,5X,61,8A,H2,MT4,N1A,N1B,N2",,
13923,N1B,,
13924,"26,26A,8A,N1A,N1B",,
13920,"26,26A,8A,N1A",,
13927,H2,,
13929,H2,,
13932,H2,,
13931,H2,,
13933,"101,26,26A,3X,51A,5X,61,8A,H2,MT4,N1A,N1B,N2",,
13934,"101,26,26A,3X,51A,5X,61,8A,H2,MT4,N1A,N1B,N2",,
13937,"25AX,30X,3AX,3BX,51,51B,59",,
13938,"25AX,27,30X,3AX,3BX,51,51B,59,AP1",,
13951,"25AX,27,30X,3AX,3BX,51,51B,59,AP1",,
13953,"25AX,27,30X,3AX,3BX,51,51B,59,AP1",,
13952,"25AX,27,30X,3AX,3BX,51,51B,59,AP1",,
13954,"25AX,27,30X,3AX,3BX,51,51B,59,AP1",,
13957,"25AX,27,30X,3AX,3BX,51,51B,59,AP1",,
13956,"25AX,27,30X,3AX,3BX,51,51B,59,AP1",,
13961,"17T,25B,61,MT4",,
13962,"17T,25B,27,61,AP1,MT4",,
13963,"25AX,30X,3AX,3BX,51,51B,59",,
13964,"25AX,27,30X,3AX,3BX,51,51B,59,AP1",,
13960,"27,AP1",,
10857,"21A,26A,N3",,
13968,"21A,26A,N3",,
12673,N3,,
12885,"102,15,21A,25,25B,25BS,26,26A,50,701X,N3,N6",,
12756,21AT,,
13098,"102,15,21A,21AT,25,25B,25BS,26,26A,50,701X,H3,N6",,
13976,"102,H3",,
12670,"102,15,21A,21AT,25,25B,25BS,26,26A,50,701X,H3,N3,N6",,
12661,"102,15,21A,25,25B,25BS,26,26A,50,701X,N3,N6",,
12884,"102,15,21A,25,25B,25BS,26,26A,50,701X,N3,N6",,
12862,"102,15,21A,25,25B,25BS,26,26A,50,701X,N3,N6",,
12865,"102,15,21A,25,25B,25BS,26,26A,50,701X,N3,N6",,
12772,"102,15,21A,21AT,25,25B,25BS,26,26A,50,701X,H3,N3,N6",,
12773,"102,15,21A,21AT,25,25B,25BS,26,26A,50,701X,H3,N3,N6",,
8129,"25B,50,H3",,
13988,"35,51,59,701X,MT4,N5",,
13989,"35,51,59,MT4,N5",,
13990,"25B,35,50,51,59,701X,H3,MT4,N5",,
13991,"25B,35,50,51,59,H3,MT4,N5",,
13994,"102,15,21A,25,25B,25BS,26,26A,50,701X,H3,N6",,
13972,"102,15,21A,25,25B,25BS,26,26A,50,701X,N6",,
13974,"102,25B,25BS,50,701X,N6",,
13992,"15,21A,25,26,26A,50",,
13995,"102,25B,25BS,50,701X,N6",,
13996,"102,H3",,
13997,"102,25B,25BS,50,701X,H3,N6",,
13998,"102,25B,25BS,50,701X,N6",,
14002,"101,101XS,102,103,2A,51B",,
14003,"101,101XS,102,103",,
14000,2A,,
14009,"101,101XS,102,103,2A,51B",,
14008,"101,101XS,102,103,51B",,
14010,2A,,
14011,2A,,
14013,"101,101XS,102,103,2A,51B",,
14012,"101,101XS,102,103,2A,51B",,
14016,"18A,27,7",,
14017,"102,25AX,3AX,3BX",,
14018,"102,25AX,2A,3AX,3BX",,
14020,2A,,
14021,2A,,
14023,"18A,27,7",,
14022,"18A,27,2A,7",,
14019,2A,,
14024,"18A,27,2A,7",,
14027,"18A,27,2A,7",,
14026,"18A,27,2A,7",,
14029,"102,30,34,51A,MT3",,
14030,"102,2A,30,34,51A,MT3",,
14031,"18A,27,2A,7",,
14032,"18A,27,2A,7",,
14028,2A,,
14035,"12,19,2,28C,6A,7",,
14034,"103,12,19,2,28C,6A,7",,
14036,"103,18,N1B",,
14037,"18,N1B",,
14033,103,,
14039,"34,51A",,
14041,"34,51A",,
14038,"34,51A",,
14044,"34,51A",,
14046,"34,51A",,
14043,"34,51A",,
14049,55,,
14052,"52,55",,
14051,55,,
14055,52,,
14057,"52,55",,
14060,"52,55",,
14059,55,,
14062,15T,,
14061,"15T,52",,
14048,52,,
14063,52,,
14064,52,,
14067,52,,
14068,52,,
14070,15,,
14073,"15T,21A,25,25AX,26,26A,26AT,50,51,51A,52,55,56,59,H3,N3,N5",,
14072,"15,15T,21A,25,25AX,26,26A,26AT,50,51,51A,51B,52,55,56,59,H3,N3,N5",,
14076,"15,21A,25,25AX,26,26A,26AT,50,51,51A,51B,52,55,56,59,H3,N3,N5",,
14075,"15,21A,25,25AX,26,26A,26AT,50,51,51A,51B,52,55,56,59,H3,N3,N5",,
14081,15,,
14083,15,,
14078,15,,
14079,15,,
14086,"15,21A",,
14088,"15,21A",,
14087,21A,,
14084,15,,
14091,15,,
14096,15,,
14097,15,,
14094,15,,
14100,"21A,25,25AX,26,26A,26AT,50,51,51A,56,59,H3,N3,N5",,
14101,"15,21A,25,25AX,26,26A,26AT,50,51,51A,51B,56,59,H3,N3,N5",,
14102,"15,51B",,
14103,15,,
14099,"15,51B",,
14105,"15,21A,25,25AX,26,26A,26AT,50,51,51A,51B,52,55,56,59,H3,N3,N5",,
14106,"21A,25,26,26A,26AT,50,51,51A,52,55,56,59,H3,N3,N5",,
14107,"21A,25,26,26A,26AT,50,51,51A,52,55,56,59,H3,N3,N5",,
14108,"15,21A,25,25AX,26,26A,26AT,50,51,51A,51B,52,55,56,59,H3,N3,N5",,
14104,"15,25AX,51B",,
14111,"101XS,103",,
14110,"101XS,103,30,30X",,
14113,"34,51,51A,59,MT3",,
14112,"30,30X,34,51,51A,59,MT3",,
14109,"30,30X",,
14116,103,,
14118,"26,36,51,51A,59,AP1",,
14117,"26,36,51,51A,51B,59,AP1",,
14114,51B,,
14120,"15,21A,25,25AX,36,50,50B,51B,56,AP1,MT4,N2,N3,N5,N6",,
14121,"15,21A,25,25AX,36,50,50B,51B,56,AP1,MT4,N2,N3,N5,N6",,
14122,"15,21A,25,25AX,25B,25BS,26,26A,26AT,35,36,50,50B,51A,51B,56,AP1,MT1,MT4,N2,N3,N5,N6",,
14123,"15,21A,25,25AX,25B,25BS,26,26A,26AT,35,36,50,50B,51A,51B,56,AP1,MT1,MT4,N2,N3,N5,N6",,
14126,"101,101XS,102,103,51B",,
14125,"101,101XS,102,103",,
14128,103,,
14127,"103,51B",,
14124,51B,,
14131,"101,101XS,102,103",,
14133,"101,101XS,102,103,2A,51B",,
14132,"101,101XS,102,103,2A",,
14129,51B,,
14136,103,,
14135,"103,51B",,
14137,"101,101XS,102,103,51B",,
14138,"101,101XS,102,103",,
14134,51B,,
14141,37,,
14143,"26,36,51,51A,51B,59,AP1,MT1,MT4,N2",,
14142,"26,36,51,51A,51B,59,AP1,MT1,MT4,N2",,
14146,"26,51,51A,59,MT1,MT4,N2",,
14145,"26,51,51A,59,MT1,MT4,N2",,
14148,26,,
14147,"26,51A",,
14144,51A,,
14150,"26,37",,
14153,"26,37",,
14149,"26,37",,
14155,35,,
14158,35,,
14154,35,,
14159,"60,65",,
14160,"60,65",,